musteriKodu,cinsiyet,tutar,markaKodu,marka,kategori
,,,,,
123696.0,E,5.2,224,BİNGO,DETERJAN TEMİZLİK
261481.0,E,0.45,118,PINAR,İÇECEK
318721.0,K,4.8,44,ETİ,GIDA
318721.0,K,4.8,44,ETİ,GIDA
168846.0,K,1.0,44,ETİ,GIDA
168846.0,K,1.0,44,ETİ,GIDA
3554.0,E,4.95,145,UNO,GIDA
184538.0,K,0.5,146,ÜLKER,GIDA
184538.0,K,0.5,146,ÜLKER,GIDA
348844.0,E,0.4,44,ETİ,GIDA
348844.0,E,0.4,44,ETİ,GIDA
348844.0,E,0.4,44,ETİ,GIDA
224479.0,K,3.0,146,ÜLKER,İÇECEK
9514.0,E,2.15,43,ERİKLİ,İÇECEK
9514.0,E,2.15,43,ERİKLİ,İÇECEK
1007882.0,E,1.0,50, F SAFF,KAĞIT
884693.0,K,2.5,383,ARKO,KOZMETİK
926091.0,K,24.0,163,JTİ,SİGARA
678396.0,K,2.99,58,H.ŞAKİR,KOZMETİK
678396.0,K,3.15,58,H.ŞAKİR,KOZMETİK
299415.0,K,1.85,361,BİLLUR,GIDA
656157.0,E,2.95,118,PINAR,SÜT KAHVALTILIK
167882.0,E,0.9,,,GIDA
545372.0,E,2.7,,,GIDA
545372.0,E,2.7,,,GIDA
169224.0,K,0.9,,,GIDA
840877.0,E,8.5,,,ET TAVUK
840877.0,E,1.0,134,SULTAN,GIDA
616339.0,K,2.0,134,SULTAN,GIDA
647382.0,K,1.25,44,ETİ,GIDA
647382.0,K,1.25,44,ETİ,GIDA
163495.0,E,1.75,97,NESTLE,İÇECEK
12368.0,E,0.5,146,ÜLKER,GIDA
852715.0,K,2.15,43,ERİKLİ,İÇECEK
210120.0,E,1.75,146,ÜLKER,İÇECEK
123963.0,K,0.3,146,ÜLKER,İÇECEK
224479.0,K,2.5,54,FRİTO,GIDA
,,5.51,254,OYALI,SÜT KAHVALTILIK
475450.0,E,16.9,224,BİNGO,DETERJAN TEMİZLİK
840877.0,E,2.15,43,ERİKLİ,İÇECEK
426732.0,K,2.8,134,SULTAN,GIDA
630672.0,E,2.39,118,PINAR,SÜT KAHVALTILIK
630672.0,E,16.73,118,PINAR,SÜT KAHVALTILIK
647382.0,K,3.25,81,KNORR,GIDA
407545.0,E,1.0,146,ÜLKER,GIDA
516116.0,E,0.9,,,
825838.0,K,0.35,A25,HAL,MEYVE SEBZE
516116.0,E,3.45,215,SELPAK,KAĞIT
633904.0,K,4.02,A25,HAL,MEYVE SEBZE
633904.0,K,0.5,A25,HAL,MEYVE SEBZE
187755.0,K,7.03,A25,HAL,MEYVE SEBZE
825838.0,K,0.7,A25,HAL,MEYVE SEBZE
825838.0,K,2.3,A25,HAL,MEYVE SEBZE
,,1.56,167,BAKLİYAT,GIDA
548908.0,K,0.5,146,ÜLKER,GIDA
656157.0,E,2.95,118,PINAR,SÜT KAHVALTILIK
1086764.0,K,0.45,144,ULUDAĞ,İÇECEK
516116.0,E,5.9,284,VİLEDA,DETERJAN TEMİZLİK
1090644.0,K,1.65,348,AYTAÇ,İÇECEK
356.0,E,0.75,146,ÜLKER,GIDA
356.0,E,0.75,146,ÜLKER,GIDA
426023.0,K,2.39,118,PINAR,SÜT KAHVALTILIK
426023.0,K,2.39,118,PINAR,SÜT KAHVALTILIK
426023.0,K,2.39,118,PINAR,SÜT KAHVALTILIK
978463.0,K,2.39,67,İÇİM SEHER,SÜT KAHVALTILIK
26225.0,K,7.95,130,SEK,İÇECEK
659639.0,K,5.25,118,PINAR,ET TAVUK
516116.0,E,1.0,97,NESTLE,GIDA
526701.0,K,3.38,,,
883535.0,K,0.92,,,
382738.0,K,19.95,61,HEKİMOĞLU,GIDA
1065564.0,K,2.39,67,İÇİM SEHER,SÜT KAHVALTILIK
400943.0,K,2.25,146,ÜLKER,İÇECEK
400943.0,K,2.25,146,ÜLKER,İÇECEK
194265.0,K,13.5,44,ETİ,GIDA
194265.0,K,2.25,44,ETİ,GIDA
194265.0,K,2.25,44,ETİ,GIDA
501314.0,E,1.4,30,COCO COLA,İÇECEK
501314.0,E,1.4,30,COCO COLA,İÇECEK
501314.0,E,1.4,30,COCO COLA,İÇECEK
501314.0,E,1.4,30,COCO COLA,İÇECEK
501314.0,E,1.4,30,COCO COLA,İÇECEK
501314.0,E,1.4,30,COCO COLA,İÇECEK
501314.0,E,1.4,30,COCO COLA,İÇECEK
400943.0,K,10.7,356,GÜRALLAR,EV
1090644.0,K,1.95,118,PINAR,İÇECEK
322966.0,E,2.6,49, F NEFFİS,İÇECEK
439511.0,E,0.9,,,GIDA
776674.0,K,0.5,44,ETİ,GIDA
612314.0,K,1.75,,,GIDA
1053767.0,K,0.9,,,GIDA
296536.0,K,8.4,270,WEE,BEBEK
776674.0,K,1.0,44,ETİ,GIDA
163495.0,E,1.5,146,ÜLKER,İÇECEK
978463.0,K,2.39,67,İÇİM SEHER,SÜT KAHVALTILIK
453132.0,E,1.8,,,GIDA
1040325.0,K,1.85,130,SEK,SÜT KAHVALTILIK
64022.0,E,2.45,30,COCO COLA,İÇECEK
978463.0,K,2.0,44,ETİ,GIDA
1040325.0,K,3.0,44,ETİ,GIDA
122209.0,K,0.5,146,ÜLKER,GIDA
122209.0,K,0.25,146,ÜLKER,GIDA
577894.0,K,12.9,210,TURSİL,DETERJAN TEMİZLİK
9396.0,K,3.0,44,ETİ,GIDA
67685.0,E,1.0,134,SULTAN,GIDA
1040325.0,K,0.5,146,ÜLKER,GIDA
1040325.0,K,0.5,146,ÜLKER,GIDA
17830.0,K,2.75,189,DURU,KOZMETİK
1040325.0,K,1.0,146,ÜLKER,GIDA
1040325.0,K,1.0,146,ÜLKER,GIDA
47575.0,K,2.7,44,ETİ,GIDA
26638.0,K,0.5,44,ETİ,GIDA
122209.0,K,2.6,50, F SAFF,DETERJAN TEMİZLİK
562915.0,E,0.5,146,ÜLKER,İÇECEK
462420.0,K,6.95,320,CİF,DETERJAN TEMİZLİK
64022.0,E,2.25,155,FANTA,İÇECEK
26638.0,K,2.45,30,COCO COLA,İÇECEK
122209.0,K,0.79,137,SÜTAŞ,SÜT KAHVALTILIK
122209.0,K,7.11,137,SÜTAŞ,SÜT KAHVALTILIK
853594.0,E,0.5,146,ÜLKER,GIDA
1093314.0,K,1.95,30,COCO COLA,İÇECEK
797456.0,K,3.11,99,NOGAY,SÜT KAHVALTILIK
241875.0,E,2.3,144,ULUDAĞ,İÇECEK
366330.0,E,1.25,,,
456864.0,E,0.25,,,
797456.0,K,2.95,,,
241875.0,E,6.0,199,B.A.T TEKEL,SİGARA
589916.0,E,0.25,146,ÜLKER,GIDA
919703.0,E,3.75,146,ÜLKER,GIDA
17666.0,K,1.75,159,PİKNİK,EV
589916.0,E,0.4,144,ULUDAĞ,İÇECEK
919703.0,E,4.75,118,PINAR,GIDA
588013.0,K,6.56,A25,HAL,MEYVE SEBZE
161717.0,K,6.0,163,JTİ,SİGARA
354186.0,E,6.0,199,B.A.T TEKEL,SİGARA
692221.0,K,3.0,,,GIDA
221317.0,K,0.5,146,ÜLKER,GIDA
221317.0,K,0.5,146,ÜLKER,GIDA
221317.0,K,0.25,146,ÜLKER,GIDA
221317.0,K,0.25,146,ÜLKER,GIDA
221317.0,K,0.25,146,ÜLKER,GIDA
221317.0,K,0.25,146,ÜLKER,GIDA
221317.0,K,1.0,146,ÜLKER,GIDA
221317.0,K,1.0,146,ÜLKER,GIDA
221317.0,K,1.0,44,ETİ,GIDA
174323.0,E,21.9,295,ALO,DETERJAN TEMİZLİK
174323.0,E,1.0,126,SARAY,GIDA
221317.0,K,1.25,289,SAYAN,EV
440053.0,K,0.45,300,FALIM,GIDA
522433.0,K,9.0,169,KEMAL KÜKRER,GIDA
522433.0,K,8.61,8,ARMONİ ,GIDA
214658.0,K,5.8,49, F NEFFİS,GIDA
1005163.0,E,5.4,,,İÇECEK
1078685.0,K,5.6,49, F NEFFİS,İÇECEK
522433.0,K,9.01,299,SENPİLİÇ,ET TAVUK
1506.0,E,5.67,299,SENPİLİÇ,ET TAVUK
1078685.0,K,2.85,141,TAT,GIDA
1005163.0,E,3.35,118,PINAR,SÜT KAHVALTILIK
725637.0,E,5.4,,,İÇECEK
304928.0,E,2.25,301,FİRST,GIDA
304928.0,E,12.0,139,TADIM,GIDA
304928.0,E,2.25,301,FİRST,GIDA
1193.0,K,1.0,144,ULUDAĞ,İÇECEK
304928.0,E,3.25,139,TADIM,GIDA
304928.0,E,7.5,139,TADIM,GIDA
966076.0,K,3.25,114,PENGUEN,GIDA
945429.0,E,4.84,8,ARMONİ ,GIDA
185633.0,K,0.25,49, F NEFFİS,İÇECEK
205256.0,E,1.15,20,BİZDEN,GIDA
205256.0,E,1.15,20,BİZDEN,GIDA
302218.0,K,3.15,299,SENPİLİÇ,ET TAVUK
979221.0,K,1.3,49, F NEFFİS,İÇECEK
302218.0,K,11.95,118,PINAR,SÜT KAHVALTILIK
302218.0,K,6.95,224,BİNGO,DETERJAN TEMİZLİK
1065601.0,E,2.45,30,COCO COLA,İÇECEK
1066605.0,E,0.65,44,ETİ,GIDA
410674.0,E,3.25,289,SAYAN,EV
505414.0,K,1.5,44,ETİ,GIDA
665599.0,E,0.99,146,ÜLKER,GIDA
665599.0,E,0.99,146,ÜLKER,GIDA
239071.0,K,1.35,260,KİNDER,GIDA
1027966.0,K,1.3,49, F NEFFİS,İÇECEK
1027966.0,K,1.5,146,ÜLKER,GIDA
354061.0,E,1.8,,,GIDA
1027966.0,K,0.5,146,ÜLKER,GIDA
1027966.0,K,1.25,146,ÜLKER,GIDA
1027966.0,K,0.5,146,ÜLKER,GIDA
1027966.0,K,0.5,44,ETİ,GIDA
239071.0,K,0.5,44,ETİ,GIDA
130792.0,K,7.9,209,PERSİL,DETERJAN TEMİZLİK
130792.0,K,7.9,209,PERSİL,DETERJAN TEMİZLİK
94370.0,K,3.6,,,GIDA
901479.0,K,0.9,,,GIDA
1027966.0,K,1.95,59,HALK,SÜT KAHVALTILIK
901479.0,K,1.0,134,SULTAN,GIDA
511940.0,E,0.9,,,GIDA
503822.0,K,1.0,44,ETİ,GIDA
503822.0,K,0.5,118,PINAR,İÇECEK
503822.0,K,0.5,118,PINAR,İÇECEK
,,2.25,137,SÜTAŞ,İÇECEK
644116.0,K,2.25,137,SÜTAŞ,İÇECEK
687497.0,E,1.99,44,ETİ,GIDA
687497.0,E,1.99,44,ETİ,GIDA
1922.0,K,1.55,40,DR.OETKER,GIDA
1922.0,K,1.0,44,ETİ,GIDA
712152.0,E,6.95,226,FAMİLY,KAĞIT
1062834.0,K,3.56,A25,HAL,MEYVE SEBZE
589916.0,E,0.55,144,ULUDAĞ,İÇECEK
1073153.0,K,9.5,173,PHILIP MORIS,SİGARA
1062834.0,K,2.65,32,ÇAYKUR,İÇECEK
919703.0,E,2.97,A25,HAL,MEYVE SEBZE
1068770.0,K,1.6,A25,HAL,MEYVE SEBZE
263792.0,E,1.94,A25,HAL,MEYVE SEBZE
79483.0,K,10.07,235,KASAP,ET TAVUK
1062834.0,K,1.0,204,ŞÖLEN,GIDA
1062834.0,K,1.0,204,ŞÖLEN,GIDA
1062834.0,K,1.6,204,ŞÖLEN,GIDA
1062834.0,K,1.25,204,ŞÖLEN,GIDA
195240.0,E,3.25,95,MOLPED,KAĞIT
703258.0,K,4.6,95,MOLPED,KAĞIT
919703.0,E,7.03,68,İNKA,SÜT KAHVALTILIK
304029.0,K,1.3,118,PINAR,SÜT KAHVALTILIK
532367.0,E,0.5,44,ETİ,GIDA
520642.0,E,8.7,260,KİNDER,GIDA
747962.0,E,1.05,20,BİZDEN,GIDA
462061.0,K,0.5,50, F SAFF,EV
793259.0,E,7.75,151,YÖRSAN,SÜT KAHVALTILIK
53.0,K,0.5,146,ÜLKER,İÇECEK
53.0,K,0.35,146,ÜLKER,İÇECEK
1667.0,K,1.4,97,NESTLE,İÇECEK
1667.0,K,0.35,97,NESTLE,İÇECEK
1667.0,K,0.35,97,NESTLE,İÇECEK
1001266.0,K,0.5,146,ÜLKER,İÇECEK
729052.0,K,4.17,167,BAKLİYAT,GIDA
302218.0,K,6.95,146,ÜLKER,BEBEK
1001266.0,K,1.4,146,ÜLKER,İÇECEK
453449.0,K,11.9,137,SÜTAŞ,SÜT KAHVALTILIK
729052.0,K,2.35,11,BAĞDAT,GIDA
54633.0,K,0.99,54,FRİTO,GIDA
54633.0,K,2.3,81,KNORR,GIDA
758571.0,K,3.45,107,ÖNCÜ,GIDA
916598.0,K,2.75,198,LAVACHE-KARPER,SÜT KAHVALTILIK
945429.0,E,7.05,299,SENPİLİÇ,ET TAVUK
937244.0,E,2.2,346,SİHİRLİ ELLER,GIDA
937244.0,E,2.45,346,SİHİRLİ ELLER,GIDA
937244.0,E,2.2,346,SİHİRLİ ELLER,GIDA
880487.0,E,1.5,144,ULUDAĞ,İÇECEK
49345.0,K,6.95,212,EKİCİ,SÜT KAHVALTILIK
702436.0,K,11.75,137,SÜTAŞ,SÜT KAHVALTILIK
329390.0,E,4.6,330,SANA,SÜT KAHVALTILIK
329390.0,E,5.4,,,İÇECEK
419839.0,E,3.32,8,ARMONİ ,GIDA
994864.0,K,3.6,37,DOĞADAN,İÇECEK
586905.0,E,1.4,312,PERMATİK,KOZMETİK
,,5.4,,,İÇECEK
689846.0,K,13.5,,,İÇECEK
395832.0,K,5.8,49, F NEFFİS,GIDA
,,0.45,300,FALIM,GIDA
17638.0,E,4.95,146,ÜLKER,SÜT KAHVALTILIK
17638.0,E,2.75,146,ÜLKER,SÜT KAHVALTILIK
395832.0,K,5.8,49, F NEFFİS,GIDA
402486.0,K,2.25,301,FİRST,GIDA
133159.0,K,5.95,217,NİVEA,KOZMETİK
133159.0,K,5.15,383,ARKO,KOZMETİK
835.0,E,7.95,153,DERYA,SÜT KAHVALTILIK
429459.0,E,12.15,299,SENPİLİÇ,ET TAVUK
930.0,K,3.2,49, F NEFFİS,İÇECEK
230604.0,E,4.45,50, F SAFF,KOZMETİK
296274.0,K,10.8,,,İÇECEK
969467.0,K,0.9,,,GIDA
520642.0,E,1.0,44,ETİ,GIDA
520642.0,E,1.0,44,ETİ,GIDA
520642.0,E,1.0,44,ETİ,GIDA
520642.0,E,0.5,44,ETİ,GIDA
520642.0,E,3.25,147,ÜMİT,GIDA
520642.0,E,3.25,147,ÜMİT,GIDA
289485.0,K,1.0,A25,HAL,MEYVE SEBZE
312023.0,K,5.49,410,ELHIM AMPUL,EV
758571.0,K,1.95,292,FERSAN,GIDA
312023.0,K,2.0,54,FRİTO,GIDA
401980.0,K,5.25,141,TAT,GIDA
939224.0,E,0.5,291,SHAZILİ,İÇECEK
939224.0,E,0.5,291,SHAZILİ,İÇECEK
753435.0,K,2.85,11,BAĞDAT,GIDA
753435.0,K,3.5,11,BAĞDAT,GIDA
60913.0,K,11.06,,,SÜT KAHVALTILIK
753435.0,K,3.5,292,FERSAN,GIDA
753435.0,K,3.45,11,BAĞDAT,GIDA
121285.0,E,2.0,54,FRİTO,GIDA
478379.0,K,5.61,,,SÜT KAHVALTILIK
259364.0,K,0.95,118,PINAR,SÜT KAHVALTILIK
330228.0,K,10.9,324,ELİDOR,KOZMETİK
983.0,K,2.0,230,FİDANLAR BAHARAT,GIDA
259364.0,K,3.25,137,SÜTAŞ,SÜT KAHVALTILIK
819032.0,E,1.75,167,BAKLİYAT,GIDA
819032.0,E,1.75,167,BAKLİYAT,GIDA
124678.0,E,3.65,114,PENGUEN,GIDA
124678.0,E,11.55,167,BAKLİYAT,GIDA
124678.0,E,6.83,167,BAKLİYAT,GIDA
124678.0,E,5.03,167,BAKLİYAT,GIDA
,,11.75,313,HEAD&SHOULDERS,KOZMETİK
,,11.75,313,HEAD&SHOULDERS,KOZMETİK
124678.0,E,1.65,141,TAT,GIDA
124678.0,E,1.65,141,TAT,GIDA
801.0,E,1.9,111,PAKMAYA,GIDA
869396.0,K,13.75,245,COLGATE,KOZMETİK
814268.0,E,2.45,97,NESTLE,İÇECEK
869396.0,K,8.95,244,ELSEVE,KOZMETİK
869396.0,K,4.12,167,BAKLİYAT,GIDA
869396.0,K,12.9,141,TAT,GIDA
1043800.0,K,6.99,153,DERYA,SÜT KAHVALTILIK
153404.0,E,3.25,54,FRİTO,GIDA
225450.0,K,3.25,81,KNORR,GIDA
9462.0,K,3.25,81,KNORR,GIDA
9462.0,K,3.25,81,KNORR,GIDA
9462.0,K,6.9,109,P.BAHÇE,EV
9462.0,K,1.95,59,HALK,SÜT KAHVALTILIK
646756.0,E,5.0,231,VİGOR,SİGARA
,,0.35,227,PAPİA,KAĞIT
401311.0,K,12.46,167,BAKLİYAT,GIDA
275595.0,K,3.45,141,TAT,GIDA
808497.0,K,15.3,151,YÖRSAN,SÜT KAHVALTILIK
808497.0,K,23.7,,,SÜT KAHVALTILIK
281395.0,K,3.45,141,TAT,GIDA
1055696.0,K,3.5,11,BAĞDAT,GIDA
281395.0,K,2.81,167,BAKLİYAT,GIDA
281395.0,K,7.95,167,BAKLİYAT,GIDA
520642.0,E,3.1,258,M.EFENDİ,İÇECEK
520642.0,E,3.1,258,M.EFENDİ,İÇECEK
520642.0,E,3.1,258,M.EFENDİ,İÇECEK
520642.0,E,3.1,258,M.EFENDİ,İÇECEK
520642.0,E,1.0,230,FİDANLAR BAHARAT,GIDA
520642.0,E,1.0,230,FİDANLAR BAHARAT,GIDA
759401.0,E,9.9,61,HEKİMOĞLU,GIDA
403875.0,K,1.25,52,FİLİZ,GIDA
438821.0,E,0.2,228,TENO,KAĞIT
58203.0,K,4.14,A25,HAL,MEYVE SEBZE
1027251.0,E,1.5,40,DR.OETKER,GIDA
775224.0,E,0.69,28,CAPPY,İÇECEK
775224.0,E,0.69,28,CAPPY,İÇECEK
775224.0,E,0.69,28,CAPPY,İÇECEK
981542.0,K,0.9,134,SULTAN,GIDA
1019666.0,K,3.19,30,COCO COLA,İÇECEK
134484.0,K,0.3,146,ÜLKER,İÇECEK
775224.0,E,0.5,146,ÜLKER,GIDA
775224.0,E,0.5,146,ÜLKER,GIDA
775224.0,E,0.5,146,ÜLKER,GIDA
775224.0,E,0.5,146,ÜLKER,GIDA
58203.0,K,4.0,130,SEK,İÇECEK
26225.0,K,2.0,134,SULTAN,GIDA
520642.0,E,0.5,44,ETİ,GIDA
520642.0,E,2.7,44,ETİ,GIDA
520642.0,E,0.5,44,ETİ,GIDA
520642.0,E,0.25,44,ETİ,GIDA
520642.0,E,0.25,44,ETİ,GIDA
520642.0,E,0.75,44,ETİ,GIDA
520642.0,E,2.0,44,ETİ,GIDA
31412.0,E,0.5,49, F NEFFİS,İÇECEK
587937.0,K,2.7,95,MOLPED,KAĞIT
587937.0,K,7.95,84,KOTEX,KAĞIT
981542.0,K,1.0,134,SULTAN,GIDA
275595.0,K,0.75,44,ETİ,GIDA
175903.0,E,1.5,58,H.ŞAKİR,KOZMETİK
275595.0,K,12.9,210,TURSİL,DETERJAN TEMİZLİK
1787.0,K,2.65,262,MARET,ET TAVUK
836799.0,K,1.0,44,ETİ,GIDA
1787.0,K,2.5,44,ETİ,GIDA
1787.0,K,0.5,9,AROMA,İÇECEK
835846.0,K,3.0,155,FANTA,İÇECEK
761612.0,K,1.6,118,PINAR,ET TAVUK
1787.0,K,0.5,9,AROMA,İÇECEK
796717.0,E,0.5,146,ÜLKER,İÇECEK
608667.0,E,1.9,44,ETİ,GIDA
608667.0,E,3.15,58,H.ŞAKİR,KOZMETİK
608667.0,E,1.75,,,EV
608667.0,E,1.9,44,ETİ,GIDA
1055495.0,E,5.99,118,PINAR,SÜT KAHVALTILIK
236516.0,E,1.6,118,PINAR,İÇECEK
628192.0,E,1.5,126,SARAY,GIDA
911167.0,K,1.0,134,SULTAN,GIDA
9295.0,E,5.8,130,SEK,SÜT KAHVALTILIK
236516.0,E,2.7,,,GIDA
628192.0,E,6.95,361,BİLLUR,GIDA
306432.0,E,1.95,30,COCO COLA,İÇECEK
608667.0,E,6.75,329,RİNSO,DETERJAN TEMİZLİK
628192.0,E,2.39,118,PINAR,SÜT KAHVALTILIK
5645.0,K,0.35,43,ERİKLİ,İÇECEK
939566.0,K,0.9,,,GIDA
935245.0,K,0.9,,,GIDA
591527.0,E,0.8,44,ETİ,GIDA
591527.0,E,0.5,146,ÜLKER,GIDA
1065858.0,E,2.39,67,İÇİM SEHER,SÜT KAHVALTILIK
24778.0,K,2.75,146,ÜLKER,GIDA
861630.0,K,0.35,43,ERİKLİ,İÇECEK
674615.0,E,0.9,,,GIDA
24778.0,K,1.8,,,GIDA
24778.0,K,2.75,44,ETİ,GIDA
556659.0,E,0.75,44,ETİ,GIDA
262276.0,K,1.5,361,BİLLUR,GIDA
987670.0,K,1.0,146,ÜLKER,GIDA
987670.0,K,1.0,146,ÜLKER,GIDA
987670.0,K,1.0,146,ÜLKER,GIDA
262276.0,K,0.9,,,GIDA
24778.0,K,2.45,30,COCO COLA,İÇECEK
812864.0,K,0.5,44,ETİ,GIDA
948847.0,K,1.2,44,ETİ,GIDA
948847.0,K,2.5,44,ETİ,GIDA
948847.0,K,1.2,44,ETİ,GIDA
34024.0,K,5.5,192,DAVIDOF,SİGARA
34024.0,K,5.5,192,DAVIDOF,SİGARA
58203.0,K,2.3,144,ULUDAĞ,İÇECEK
475247.0,K,0.65,50, F SAFF,DETERJAN TEMİZLİK
403875.0,K,3.75,130,SEK,SÜT KAHVALTILIK
58203.0,K,3.75,130,SEK,SÜT KAHVALTILIK
475247.0,K,2.5,222,SC.BRİTE,DETERJAN TEMİZLİK
275595.0,K,0.5,A25,HAL,MEYVE SEBZE
275595.0,K,0.8,A25,HAL,MEYVE SEBZE
34024.0,K,8.0,163,JTİ,SİGARA
663.0,E,11.02,,,SÜT KAHVALTILIK
332107.0,E,3.17,A25,HAL,MEYVE SEBZE
904193.0,K,6.32,A25,HAL,MEYVE SEBZE
263792.0,E,1.71,A25,HAL,MEYVE SEBZE
9059.0,K,3.29,A25,HAL,MEYVE SEBZE
332107.0,E,5.95,A25,HAL,MEYVE SEBZE
26667.0,E,0.83,A25,HAL,MEYVE SEBZE
26667.0,E,1.71,A25,HAL,MEYVE SEBZE
716443.0,E,8.9,208,PRİL,DETERJAN TEMİZLİK
904193.0,K,2.9,93,MİLKA,GIDA
904193.0,K,3.15,93,MİLKA,GIDA
9059.0,K,3.55,A25,HAL,MEYVE SEBZE
1092965.0,K,2.65,208,PRİL,DETERJAN TEMİZLİK
820828.0,K,0.43,A25,HAL,MEYVE SEBZE
820828.0,K,0.43,A25,HAL,MEYVE SEBZE
332107.0,E,5.85,260,KİNDER,GIDA
884737.0,E,1.1,,,
368697.0,E,1.15,50, F SAFF,KAĞIT
954272.0,K,1.15,154,TADELLE,GIDA
280236.0,K,9.5,192,DAVIDOF,SİGARA
912341.0,K,3.34,A25,HAL,MEYVE SEBZE
280236.0,K,3.0,144,ULUDAĞ,İÇECEK
912341.0,K,1.15,A25,HAL,MEYVE SEBZE
912341.0,K,5.45,172,BURDAN,SÜT KAHVALTILIK
912341.0,K,0.8,A25,HAL,MEYVE SEBZE
912341.0,K,1.66,A25,HAL,MEYVE SEBZE
912341.0,K,1.73,A25,HAL,MEYVE SEBZE
820828.0,K,0.76,,,
820828.0,K,1.35,,,
280236.0,K,2.85,137,SÜTAŞ,SÜT KAHVALTILIK
,,5.92,A25,HAL,MEYVE SEBZE
649094.0,K,1.95,146,ÜLKER,GIDA
954272.0,K,1.15,154,TADELLE,GIDA
1043006.0,K,2.95,,,GIDA
649094.0,K,2.25,97,NESTLE,GIDA
649094.0,K,3.5,130,SEK,GIDA
1044143.0,K,6.0,163,JTİ,SİGARA
527484.0,E,0.5,146,ÜLKER,GIDA
34972.0,K,3.15,105,ORKİD,KAĞIT
649094.0,K,1.94,A25,HAL,MEYVE SEBZE
649094.0,K,5.65,172,BURDAN,SÜT KAHVALTILIK
1095767.0,K,1.35,A25,HAL,MEYVE SEBZE
1095767.0,K,1.05,A25,HAL,MEYVE SEBZE
690717.0,E,6.0,199,B.A.T TEKEL,SİGARA
690717.0,E,6.0,199,B.A.T TEKEL,SİGARA
91571.0,E,1.1,255,ANKARA,GIDA
91571.0,E,1.1,255,ANKARA,GIDA
649094.0,K,2.25,97,NESTLE,GIDA
91571.0,E,9.75,215,SELPAK,KAĞIT
140.0,K,1.2,A25,HAL,MEYVE SEBZE
1095767.0,K,1.1,A25,HAL,MEYVE SEBZE
91571.0,E,2.65,A25,HAL,MEYVE SEBZE
91571.0,E,0.8,159,PİKNİK,EV
140.0,K,0.7,40,DR.OETKER,GIDA
140.0,K,2.95,151,YÖRSAN,SÜT KAHVALTILIK
899927.0,E,4.5,146,ÜLKER,GIDA
140.0,K,1.1,255,ANKARA,GIDA
48386.0,K,3.12,A25,HAL,MEYVE SEBZE
140.0,K,1.5,A25,HAL,MEYVE SEBZE
140.0,K,3.22,A25,HAL,MEYVE SEBZE
48386.0,K,2.5,A25,HAL,MEYVE SEBZE
895687.0,E,8.0,163,JTİ,SİGARA
881478.0,E,5.24,A25,HAL,MEYVE SEBZE
241916.0,E,14.95,83,KOSKA,SÜT KAHVALTILIK
384026.0,E,0.2,50, F SAFF,KAĞIT
384026.0,E,0.2,50, F SAFF,KAĞIT
323745.0,K,2.52,A25,HAL,MEYVE SEBZE
105156.0,E,2.85,A25,HAL,MEYVE SEBZE
522433.0,K,0.94,A25,HAL,MEYVE SEBZE
522433.0,K,1.28,A25,HAL,MEYVE SEBZE
492794.0,K,8.0,163,JTİ,SİGARA
323745.0,K,4.85,341,YAHYAOĞLU,SÜT KAHVALTILIK
492794.0,K,1.0,,,EV
991280.0,K,2.39,A25,HAL,MEYVE SEBZE
38808.0,K,0.5,146,ÜLKER,GIDA
275595.0,K,3.95,137,SÜTAŞ,SÜT KAHVALTILIK
175903.0,E,2.25,202,İPEK PAMUK,KOZMETİK
981542.0,K,2.2,50, F SAFF,KAĞIT
981542.0,K,2.2,50, F SAFF,KAĞIT
539822.0,K,5.9,107,ÖNCÜ,GIDA
539822.0,K,7.95,141,TAT,GIDA
105156.0,E,1.0,54,FRİTO,GIDA
1078685.0,K,1.65,141,TAT,GIDA
522433.0,K,2.99,153,DERYA,SÜT KAHVALTILIK
522433.0,K,11.06,,,SÜT KAHVALTILIK
330532.0,E,13.75,244,ELSEVE,KOZMETİK
483910.0,K,1.75,97,NESTLE,İÇECEK
522433.0,K,2.5,283,STİL,DETERJAN TEMİZLİK
945429.0,E,4.5,11,BAĞDAT,GIDA
945429.0,E,3.6,153,DERYA,SÜT KAHVALTILIK
945429.0,E,3.45,141,TAT,GIDA
1078685.0,K,3.0,160,ERNET,DETERJAN TEMİZLİK
637548.0,E,15.9,1,AİR WİCK,DETERJAN TEMİZLİK
,,1.5,74,KAR,GIDA
702436.0,K,1.76,167,BAKLİYAT,GIDA
49345.0,K,8.26,,,SÜT KAHVALTILIK
49345.0,K,5.95,212,EKİCİ,SÜT KAHVALTILIK
419839.0,E,3.5,97,NESTLE,İÇECEK
329390.0,E,5.65,167,BAKLİYAT,GIDA
329390.0,E,4.5,167,BAKLİYAT,GIDA
329390.0,E,7.98,167,BAKLİYAT,GIDA
329390.0,E,1.75,167,BAKLİYAT,GIDA
329390.0,E,1.76,167,BAKLİYAT,GIDA
329390.0,E,8.95,107,ÖNCÜ,GIDA
702436.0,K,11.84,,,SÜT KAHVALTILIK
702436.0,K,13.69,,,SÜT KAHVALTILIK
586905.0,E,1.95,245,COLGATE,KOZMETİK
689846.0,K,1.55,50, F SAFF,EV
155458.0,K,3.25,170,KOROPLAST,EV
155458.0,K,3.25,170,KOROPLAST,EV
271952.0,E,5.95,137,SÜTAŞ,SÜT KAHVALTILIK
689846.0,K,11.03,,,SÜT KAHVALTILIK
395832.0,K,9.01,167,BAKLİYAT,GIDA
1039810.0,K,12.85,282,SENSODYNE,KOZMETİK
22063.0,E,2.5,54,FRİTO,GIDA
562163.0,K,1.35,167,BAKLİYAT,GIDA
1029834.0,K,0.35,97,NESTLE,İÇECEK
1029834.0,K,0.35,97,NESTLE,İÇECEK
1029834.0,K,0.35,97,NESTLE,İÇECEK
125309.0,K,1.0,245,COLGATE,KOZMETİK
429459.0,E,9.55,,,SÜT KAHVALTILIK
1027933.0,K,8.95,107,ÖNCÜ,GIDA
768551.0,K,5.25,324,ELİDOR,KOZMETİK
26298.0,K,2.25,81,KNORR,GIDA
26298.0,K,2.25,81,KNORR,GIDA
1027933.0,K,1.5,170,KOROPLAST,EV
1027933.0,K,1.5,170,KOROPLAST,EV
468523.0,E,15.93,167,BAKLİYAT,GIDA
468523.0,E,15.85,167,BAKLİYAT,GIDA
468523.0,E,3.5,167,BAKLİYAT,GIDA
394727.0,E,1.79,130,SEK,SÜT KAHVALTILIK
,,1.5,50, F SAFF,EV
,,1.5,50, F SAFF,EV
233152.0,E,3.35,140,TAMEK,GIDA
,,0.7,97,NESTLE,İÇECEK
233152.0,E,7.49,212,EKİCİ,SÜT KAHVALTILIK
683672.0,K,0.95,146,ÜLKER,GIDA
,,1.35,A25,HAL,MEYVE SEBZE
867502.0,E,3.71,A25,HAL,MEYVE SEBZE
77285.0,E,2.43,A25,HAL,MEYVE SEBZE
761612.0,K,1.0,146,ÜLKER,GIDA
761612.0,K,1.0,146,ÜLKER,GIDA
649094.0,K,3.95,130,SEK,SÜT KAHVALTILIK
559684.0,E,0.85,140,TAMEK,GIDA
559684.0,E,0.85,140,TAMEK,GIDA
912341.0,K,5.9,140,TAMEK,GIDA
481368.0,K,2.85,11,BAĞDAT,GIDA
1095767.0,K,1.6,,,GIDA
481368.0,K,1.79,170,KOROPLAST,EV
481368.0,K,4.35,170,KOROPLAST,EV
481368.0,K,1.9,170,KOROPLAST,EV
91571.0,E,9.9,50, F SAFF,EV
140.0,K,3.45,141,TAT,GIDA
1044143.0,K,4.75,410,ELHIM AMPUL,EV
1044143.0,K,6.5,117,PHILIPS,EV
991280.0,K,5.5,399,GULER NGS,GIDA
38808.0,K,1.8,167,BAKLİYAT,GIDA
396449.0,K,0.85,137,SÜTAŞ,İÇECEK
948847.0,K,1.2,44,ETİ,GIDA
468523.0,E,16.9,25,CANBEBE,BEBEK
1681.0,E,0.75,79,KENT,GIDA
233152.0,E,2.5,146,ÜLKER,SÜT KAHVALTILIK
233152.0,E,1.75,146,ÜLKER,SÜT KAHVALTILIK
233152.0,E,6.65,118,PINAR,SÜT KAHVALTILIK
233152.0,E,1.55,144,ULUDAĞ,İÇECEK
233152.0,E,7.95,153,DERYA,SÜT KAHVALTILIK
233152.0,E,3.9,97,NESTLE,SÜT KAHVALTILIK
285119.0,E,1.5,79,KENT,GIDA
82743.0,E,6.5,173,PHILIP MORIS,SİGARA
309.0,K,7.14,299,SENPİLİÇ,ET TAVUK
794351.0,E,1.75,144,ULUDAĞ,İÇECEK
106733.0,K,5.0,309,GILLETTE,KOZMETİK
309.0,K,13.9,153,DERYA,SÜT KAHVALTILIK
54602.0,K,23.2,49, F NEFFİS,GIDA
309.0,K,14.9,49, F NEFFİS,GIDA
1044518.0,E,3.3,24,CALVE,GIDA
604813.0,K,0.75,79,KENT,GIDA
321767.0,K,5.8,49, F NEFFİS,GIDA
371949.0,K,9.49,360,GOLF,SÜT KAHVALTILIK
161747.0,K,13.95,49, F NEFFİS,İÇECEK
738119.0,E,19.54,299,SENPİLİÇ,ET TAVUK
604813.0,K,0.75,79,KENT,GIDA
352302.0,K,2.15,300,FALIM,GIDA
352302.0,K,0.5,146,ÜLKER,GIDA
352302.0,K,13.9,153,DERYA,SÜT KAHVALTILIK
738119.0,E,4.95,146,ÜLKER,SÜT KAHVALTILIK
738119.0,E,8.5,146,ÜLKER,SÜT KAHVALTILIK
738119.0,E,5.95,224,BİNGO,DETERJAN TEMİZLİK
738119.0,E,9.95,224,BİNGO,DETERJAN TEMİZLİK
1083628.0,K,3.75,,,GIDA
769404.0,K,2.25,301,FİRST,GIDA
473234.0,E,12.9,212,EKİCİ,SÜT KAHVALTILIK
518061.0,K,14.4,37,DOĞADAN,İÇECEK
456215.0,K,21.9,66,HUGGİES,BEBEK
859718.0,E,3.15,141,TAT,GIDA
537051.0,K,4.45,114,PENGUEN,GIDA
859718.0,E,1.35,257,BERRAK,GIDA
601673.0,K,4.5,12, F BAKTAT,GIDA
537051.0,K,11.62,299,SENPİLİÇ,ET TAVUK
859718.0,E,3.99,146,ÜLKER,SÜT KAHVALTILIK
537051.0,K,1.75,146,ÜLKER,SÜT KAHVALTILIK
765526.0,K,5.8,49, F NEFFİS,GIDA
765526.0,K,5.8,49, F NEFFİS,GIDA
702344.0,E,3.15,300,FALIM,GIDA
702344.0,E,2.25,301,FİRST,GIDA
765526.0,K,13.5,,,İÇECEK
702344.0,E,1.9,301,FİRST,GIDA
765526.0,K,1.65,146,ÜLKER,SÜT KAHVALTILIK
765526.0,K,1.65,146,ÜLKER,SÜT KAHVALTILIK
421635.0,E,3.78,8,ARMONİ ,GIDA
421635.0,E,5.03,8,ARMONİ ,GIDA
364201.0,E,1.75,148,VİVİDENT,GIDA
421635.0,E,2.04,8,ARMONİ ,GIDA
421635.0,E,5.95,137,SÜTAŞ,SÜT KAHVALTILIK
721903.0,K,1.75,146,ÜLKER,SÜT KAHVALTILIK
456864.0,E,3.15,144,ULUDAĞ,İÇECEK
421635.0,E,9.5,153,DERYA,SÜT KAHVALTILIK
456864.0,E,0.75,79,KENT,GIDA
456864.0,E,0.75,79,KENT,GIDA
456864.0,E,3.15,144,ULUDAĞ,İÇECEK
721903.0,K,5.95,137,SÜTAŞ,SÜT KAHVALTILIK
313096.0,K,0.2,346,SİHİRLİ ELLER,GIDA
797456.0,K,2.5,146,ÜLKER,SÜT KAHVALTILIK
765526.0,K,4.95,240,FABULOSO,DETERJAN TEMİZLİK
765526.0,K,8.4,224,BİNGO,DETERJAN TEMİZLİK
538808.0,E,7.9,49, F NEFFİS,GIDA
739418.0,E,1.83,346,SİHİRLİ ELLER,GIDA
714290.0,E,5.9,257,BERRAK,GIDA
241875.0,E,2.0,139,TADIM,GIDA
263792.0,E,12.95,137,SÜTAŞ,SÜT KAHVALTILIK
343407.0,K,0.5,146,ÜLKER,GIDA
141643.0,K,27.0,,,İÇECEK
663.0,E,2.35,334,BECEL,SÜT KAHVALTILIK
82743.0,E,0.75,A25,HAL,MEYVE SEBZE
38808.0,K,1.76,167,BAKLİYAT,GIDA
793623.0,E,2.5,230,FİDANLAR BAHARAT,GIDA
1355.0,E,8.0,114,PENGUEN,GIDA
1355.0,E,2.75,114,PENGUEN,GIDA
1355.0,E,2.95,12, F BAKTAT,GIDA
1355.0,E,7.94,167,BAKLİYAT,GIDA
1355.0,E,1.76,167,BAKLİYAT,GIDA
335692.0,E,3.0,169,KEMAL KÜKRER,GIDA
1355.0,E,6.0,167,BAKLİYAT,GIDA
375852.0,E,1.4,146,ÜLKER,İÇECEK
290767.0,E,1.13,A25,HAL,MEYVE SEBZE
290767.0,E,2.21,A25,HAL,MEYVE SEBZE
522433.0,K,1.6,A25,HAL,MEYVE SEBZE
522433.0,K,0.8,A25,HAL,MEYVE SEBZE
522433.0,K,2.59,A25,HAL,MEYVE SEBZE
214658.0,K,0.7,40,DR.OETKER,GIDA
522433.0,K,6.75,A25,HAL,MEYVE SEBZE
522433.0,K,2.97,A25,HAL,MEYVE SEBZE
522433.0,K,1.24,A25,HAL,MEYVE SEBZE
522433.0,K,6.45,67,İÇİM SEHER,SÜT KAHVALTILIK
522433.0,K,2.95,146,ÜLKER,KAĞIT
1078685.0,K,2.5,A25,HAL,MEYVE SEBZE
1078685.0,K,1.1,A25,HAL,MEYVE SEBZE
1078685.0,K,4.25,164,HAMURANA,GIDA
214658.0,K,4.65,205,EMEK YAĞ,GIDA
483910.0,K,4.35,172,BURDAN,SÜT KAHVALTILIK
105156.0,E,4.85,341,YAHYAOĞLU,SÜT KAHVALTILIK
522433.0,K,4.45,172,BURDAN,SÜT KAHVALTILIK
1078685.0,K,1.1,255,ANKARA,GIDA
1078685.0,K,1.1,255,ANKARA,GIDA
214658.0,K,1.1,255,ANKARA,GIDA
323745.0,K,2.34,A25,HAL,MEYVE SEBZE
1015788.0,E,0.5,146,ÜLKER,GIDA
727235.0,E,1.0,146,ÜLKER,GIDA
1193.0,K,2.0,146,ÜLKER,GIDA
483910.0,K,1.26,99,NOGAY,SÜT KAHVALTILIK
483910.0,K,4.65,205,EMEK YAĞ,GIDA
102886.0,E,1.06,A25,HAL,MEYVE SEBZE
522433.0,K,1.98,,,
77285.0,E,3.45,151,YÖRSAN,SÜT KAHVALTILIK
233152.0,E,2.5,54,FRİTO,GIDA
738119.0,E,0.9,130,SEK,SÜT KAHVALTILIK
738119.0,E,0.9,130,SEK,SÜT KAHVALTILIK
738119.0,E,0.9,130,SEK,SÜT KAHVALTILIK
738119.0,E,2.15,81,KNORR,GIDA
738119.0,E,2.15,81,KNORR,GIDA
738119.0,E,0.9,130,SEK,SÜT KAHVALTILIK
738119.0,E,0.9,130,SEK,SÜT KAHVALTILIK
738119.0,E,0.9,130,SEK,SÜT KAHVALTILIK
738119.0,E,0.9,130,SEK,SÜT KAHVALTILIK
738119.0,E,0.9,130,SEK,SÜT KAHVALTILIK
738119.0,E,0.9,130,SEK,SÜT KAHVALTILIK
738119.0,E,4.5,322,DOMESTOS,DETERJAN TEMİZLİK
738119.0,E,5.45,268,BANAT,DETERJAN TEMİZLİK
738119.0,E,4.85,31,COOK,EV
738119.0,E,2.75,50, F SAFF,EV
738119.0,E,7.75,56,GLADE,DETERJAN TEMİZLİK
738119.0,E,14.25,151,YÖRSAN,SÜT KAHVALTILIK
930586.0,K,9.03,,,SÜT KAHVALTILIK
85534.0,E,2.25,20,BİZDEN,İÇECEK
85534.0,E,2.25,20,BİZDEN,İÇECEK
738119.0,E,4.45,206,BREF,DETERJAN TEMİZLİK
738119.0,E,3.25,137,SÜTAŞ,SÜT KAHVALTILIK
738119.0,E,1.85,170,KOROPLAST,EV
738119.0,E,1.0,170,KOROPLAST,EV
738119.0,E,3.25,137,SÜTAŞ,SÜT KAHVALTILIK
920937.0,E,4.0,167,BAKLİYAT,GIDA
1083628.0,K,2.4,33,DANONE,SÜT KAHVALTILIK
85534.0,E,3.1,258,M.EFENDİ,İÇECEK
920937.0,E,4.5,357,CP,SÜT KAHVALTILIK
66503.0,K,4.25,383,ARKO,KOZMETİK
66503.0,K,4.25,383,ARKO,KOZMETİK
1005535.0,E,12.9,245,COLGATE,KOZMETİK
66503.0,K,6.95,65,HOBBY KOZ,KOZMETİK
473234.0,E,2.75,250,İPEK KOZMETİK,KOZMETİK
473234.0,E,4.53,167,BAKLİYAT,GIDA
473234.0,E,7.97,167,BAKLİYAT,GIDA
473234.0,E,6.45,138,ŞENER,SÜT KAHVALTILIK
66503.0,K,4.25,383,ARKO,KOZMETİK
473234.0,E,10.95,137,SÜTAŞ,SÜT KAHVALTILIK
473234.0,E,1.76,167,BAKLİYAT,GIDA
66503.0,K,4.25,383,ARKO,KOZMETİK
601673.0,K,2.75,50, F SAFF,EV
537051.0,K,1.5,111,PAKMAYA,GIDA
537051.0,K,1.5,230,FİDANLAR BAHARAT,GIDA
180100.0,K,6.9,141,TAT,GIDA
180100.0,K,2.0,230,FİDANLAR BAHARAT,GIDA
180100.0,K,1.95,230,FİDANLAR BAHARAT,GIDA
537051.0,K,1.0,111,PAKMAYA,GIDA
537051.0,K,1.9,111,PAKMAYA,GIDA
849297.0,E,7.86,,,SÜT KAHVALTILIK
765526.0,K,8.75,331,SİGNAL,KOZMETİK
393995.0,K,0.5,146,ÜLKER,GIDA
82743.0,E,1.0,146,ÜLKER,GIDA
82743.0,E,0.5,A25,HAL,MEYVE SEBZE
82743.0,E,0.8,A25,HAL,MEYVE SEBZE
765526.0,K,1.9,111,PAKMAYA,GIDA
404226.0,K,0.35,97,NESTLE,İÇECEK
404226.0,K,0.35,97,NESTLE,İÇECEK
721903.0,K,12.9,114,PENGUEN,SÜT KAHVALTILIK
404226.0,K,0.25,71,JACOPS,İÇECEK
404226.0,K,0.25,71,JACOPS,İÇECEK
404226.0,K,1.95,81,KNORR,GIDA
787920.0,K,1.95,11,BAĞDAT,GIDA
716443.0,E,2.81,167,BAKLİYAT,GIDA
716443.0,E,2.27,167,BAKLİYAT,GIDA
313096.0,K,1.27,167,BAKLİYAT,GIDA
716443.0,E,5.01,167,BAKLİYAT,GIDA
20554.0,E,1.4,97,NESTLE,İÇECEK
797456.0,K,9.32,212,EKİCİ,SÜT KAHVALTILIK
589916.0,E,2.18,167,BAKLİYAT,GIDA
902637.0,K,1.5,141,TAT,GIDA
919703.0,E,7.49,212,EKİCİ,SÜT KAHVALTILIK
538808.0,E,1.83,167,BAKLİYAT,GIDA
79483.0,K,3.45,399,GULER NGS,GIDA
996302.0,K,1.3,167,BAKLİYAT,GIDA
663.0,E,3.95,167,BAKLİYAT,GIDA
559684.0,E,0.85,140,TAMEK,GIDA
1043006.0,K,2.35,11,BAĞDAT,GIDA
1043006.0,K,3.95,230,FİDANLAR BAHARAT,GIDA
1043006.0,K,1.9,230,FİDANLAR BAHARAT,GIDA
912341.0,K,2.6,11,BAĞDAT,GIDA
912341.0,K,2.6,11,BAĞDAT,GIDA
954272.0,K,12.95,212,EKİCİ,SÜT KAHVALTILIK
522433.0,K,1.9,216,SOLO,KAĞIT
1193.0,K,2.0,146,ÜLKER,GIDA
1078685.0,K,4.85,137,SÜTAŞ,SÜT KAHVALTILIK
483910.0,K,1.51,99,NOGAY,SÜT KAHVALTILIK
661876.0,K,0.7,215,SELPAK,KAĞIT
102886.0,E,1.01,A25,HAL,MEYVE SEBZE
304928.0,E,2.25,97,NESTLE,GIDA
304928.0,E,2.25,97,NESTLE,GIDA
304928.0,E,1.25,16,BARİLLA,GIDA
1078685.0,K,2.85,368,CLEAN- CLİO,DETERJAN TEMİZLİK
1005163.0,E,2.15,224,BİNGO,DETERJAN TEMİZLİK
659006.0,E,5.45,298,FAİRY,DETERJAN TEMİZLİK
304928.0,E,2.25,97,NESTLE,GIDA
304928.0,E,5.65,172,BURDAN,SÜT KAHVALTILIK
945429.0,E,3.0,,,GIDA
945429.0,E,6.5,199,B.A.T TEKEL,SİGARA
945429.0,E,6.5,199,B.A.T TEKEL,SİGARA
637548.0,E,2.0,146,ÜLKER,GIDA
945429.0,E,19.08,235,KASAP,ET TAVUK
945429.0,E,1.98,A25,HAL,MEYVE SEBZE
966076.0,K,1.65,90,MAGGİ,GIDA
637548.0,E,2.0,,,EV
937244.0,E,3.95,A25,HAL,MEYVE SEBZE
937244.0,E,6.0,,,GIDA
945429.0,E,8.31,A25,HAL,MEYVE SEBZE
304928.0,E,1.99,,,
304928.0,E,1.99,,,
937244.0,E,3.14,A25,HAL,MEYVE SEBZE
937244.0,E,1.0,A25,HAL,MEYVE SEBZE
880487.0,E,3.03,A25,HAL,MEYVE SEBZE
937244.0,E,1.78,A25,HAL,MEYVE SEBZE
937244.0,E,0.98,A25,HAL,MEYVE SEBZE
937244.0,E,1.61,A25,HAL,MEYVE SEBZE
49345.0,K,1.5,A25,HAL,MEYVE SEBZE
49345.0,K,3.61,A25,HAL,MEYVE SEBZE
9390.0,E,0.5,146,ÜLKER,GIDA
9390.0,E,0.5,146,ÜLKER,GIDA
49345.0,K,3.0,146,ÜLKER,GIDA
49345.0,K,3.0,146,ÜLKER,GIDA
329390.0,E,1.05,40,DR.OETKER,GIDA
329390.0,E,1.05,40,DR.OETKER,GIDA
329390.0,E,1.05,40,DR.OETKER,GIDA
329390.0,E,1.05,40,DR.OETKER,GIDA
49345.0,K,1.15,52,FİLİZ,GIDA
49345.0,K,5.02,,,SÜT KAHVALTILIK
596334.0,E,1.15,52,FİLİZ,GIDA
702436.0,K,6.15,284,VİLEDA,DETERJAN TEMİZLİK
702436.0,K,7.35,137,SÜTAŞ,SÜT KAHVALTILIK
702436.0,K,2.35,172,BURDAN,SÜT KAHVALTILIK
49345.0,K,3.45,118,PINAR,ET TAVUK
49345.0,K,3.45,118,PINAR,ET TAVUK
329390.0,E,5.94,5,ARBELLA,GIDA
419839.0,E,2.87,A25,HAL,MEYVE SEBZE
419839.0,E,4.21,A25,HAL,MEYVE SEBZE
95813.0,E,0.43,A25,HAL,MEYVE SEBZE
329390.0,E,3.0,146,ÜLKER,GIDA
329390.0,E,3.0,144,ULUDAĞ,İÇECEK
582275.0,E,0.71,A25,HAL,MEYVE SEBZE
999228.0,E,5.95,137,SÜTAŞ,SÜT KAHVALTILIK
81468.0,E,5.45,169,KEMAL KÜKRER,GIDA
38808.0,K,6.95,146,ÜLKER,BEBEK
995353.0,K,11.75,137,SÜTAŞ,SÜT KAHVALTILIK
677466.0,K,2.75,44,ETİ,GIDA
682308.0,K,3.15,58,H.ŞAKİR,KOZMETİK
1055696.0,K,6.5,75,KARAAĞAÇ,SÜT KAHVALTILIK
204806.0,K,3.95,146,ÜLKER,GIDA
1055696.0,K,2.39,118,PINAR,SÜT KAHVALTILIK
81119.0,E,5.5,117,PHILIPS,EV
81119.0,E,5.5,117,PHILIPS,EV
81119.0,E,11.71,,,SÜT KAHVALTILIK
81119.0,E,3.95,230,FİDANLAR BAHARAT,GIDA
804695.0,E,6.38,153,DERYA,SÜT KAHVALTILIK
708035.0,K,7.45,97,NESTLE,İÇECEK
708035.0,K,2.6,11,BAĞDAT,GIDA
708035.0,K,8.8,254,OYALI,SÜT KAHVALTILIK
708035.0,K,4.08,167,BAKLİYAT,GIDA
708035.0,K,6.06,167,BAKLİYAT,GIDA
708035.0,K,3.19,167,BAKLİYAT,GIDA
708035.0,K,3.95,230,FİDANLAR BAHARAT,GIDA
990895.0,E,1.05,167,BAKLİYAT,GIDA
708035.0,K,9.25,13,BALKOVAN,SÜT KAHVALTILIK
708035.0,K,3.45,141,TAT,GIDA
708035.0,K,11.95,67,İÇİM SEHER,SÜT KAHVALTILIK
708035.0,K,13.69,,,SÜT KAHVALTILIK
539619.0,E,3.4,97,NESTLE,İÇECEK
862565.0,E,2.75,141,TAT,GIDA
63525.0,E,4.01,167,BAKLİYAT,GIDA
80492.0,K,12.31,,,SÜT KAHVALTILIK
944929.0,E,2.0,146,ÜLKER,İÇECEK
539619.0,E,3.1,258,M.EFENDİ,İÇECEK
586248.0,E,2.0,54,FRİTO,GIDA
762487.0,E,1.75,167,BAKLİYAT,GIDA
1063325.0,K,1.69,49, F NEFFİS,SÜT KAHVALTILIK
677466.0,K,1.69,49, F NEFFİS,SÜT KAHVALTILIK
677466.0,K,1.69,49, F NEFFİS,SÜT KAHVALTILIK
693557.0,E,0.35,43,ERİKLİ,İÇECEK
762487.0,E,4.25,A15,EGE UNLU,GIDA
762487.0,E,1.6,230,FİDANLAR BAHARAT,GIDA
762487.0,E,1.9,230,FİDANLAR BAHARAT,GIDA
762487.0,E,7.92,167,BAKLİYAT,GIDA
762487.0,E,1.77,167,BAKLİYAT,GIDA
762487.0,E,7.35,102,OLCA,GIDA
762487.0,E,3.95,230,FİDANLAR BAHARAT,GIDA
762487.0,E,2.0,230,FİDANLAR BAHARAT,GIDA
762487.0,E,1.0,170,KOROPLAST,EV
762487.0,E,1.3,170,KOROPLAST,EV
762487.0,E,1.8,230,FİDANLAR BAHARAT,GIDA
745589.0,K,8.5,245,COLGATE,KOZMETİK
762487.0,E,3.95,130,SEK,SÜT KAHVALTILIK
762487.0,E,3.1,258,M.EFENDİ,İÇECEK
584849.0,K,8.95,244,ELSEVE,KOZMETİK
584849.0,K,6.75,305,PANTANE,KOZMETİK
927016.0,E,3.73,212,EKİCİ,SÜT KAHVALTILIK
919442.0,E,7.4,304,DURACELL,EV
726953.0,K,2.0,146,ÜLKER,İÇECEK
726953.0,K,2.0,146,ÜLKER,İÇECEK
726953.0,K,2.69,49, F NEFFİS,SÜT KAHVALTILIK
584849.0,K,9.9,244,ELSEVE,KOZMETİK
745589.0,K,13.75,282,SENSODYNE,KOZMETİK
584849.0,K,12.9,245,COLGATE,KOZMETİK
762487.0,E,1.79,170,KOROPLAST,EV
726953.0,K,3.15,97,NESTLE,İÇECEK
726953.0,K,2.95,118,PINAR,SÜT KAHVALTILIK
726953.0,K,12.99,153,DERYA,SÜT KAHVALTILIK
726953.0,K,3.45,138,ŞENER,SÜT KAHVALTILIK
710931.0,K,1.78,167,BAKLİYAT,GIDA
710931.0,K,3.96,167,BAKLİYAT,GIDA
188054.0,E,5.95,137,SÜTAŞ,SÜT KAHVALTILIK
1002428.0,E,2.25,67,İÇİM SEHER,SÜT KAHVALTILIK
1002428.0,E,2.25,67,İÇİM SEHER,SÜT KAHVALTILIK
287353.0,K,2.0,146,ÜLKER,İÇECEK
376910.0,K,0.85,50, F SAFF,EV
376910.0,K,3.97,167,BAKLİYAT,GIDA
941080.0,K,1.05,97,NESTLE,İÇECEK
587010.0,K,0.75,97,NESTLE,İÇECEK
587010.0,K,0.75,97,NESTLE,İÇECEK
941080.0,K,2.95,118,PINAR,SÜT KAHVALTILIK
587010.0,K,4.5,143,TUZOT,GIDA
458232.0,E,1.8,151,YÖRSAN,SÜT KAHVALTILIK
838860.0,E,4.29,254,OYALI,SÜT KAHVALTILIK
941080.0,K,2.35,292,FERSAN,GIDA
26157.0,E,2.65,97,NESTLE,GIDA
793623.0,E,40.24,235,KASAP,ET TAVUK
288238.0,K,7.0,,,SÜT KAHVALTILIK
38808.0,K,2.15,345,ALTINCEZVE,İÇECEK
1355.0,E,2.45,A25,HAL,MEYVE SEBZE
1355.0,E,2.0,A25,HAL,MEYVE SEBZE
1355.0,E,1.91,A25,HAL,MEYVE SEBZE
1355.0,E,1.7,77,KARTAL,GIDA
1355.0,E,2.05,A25,HAL,MEYVE SEBZE
335692.0,E,0.1,A25,HAL,MEYVE SEBZE
1355.0,E,18.45,49, F NEFFİS,GIDA
335692.0,E,0.86,A25,HAL,MEYVE SEBZE
714935.0,E,1.35,A25,HAL,MEYVE SEBZE
770903.0,E,1.9,44,ETİ,GIDA
714935.0,E,2.55,A25,HAL,MEYVE SEBZE
602706.0,K,2.34,A25,HAL,MEYVE SEBZE
602706.0,K,0.8,A25,HAL,MEYVE SEBZE
954272.0,K,13.9,153,DERYA,SÜT KAHVALTILIK
91571.0,E,5.81,8,ARMONİ ,GIDA
1043006.0,K,9.32,299,SENPİLİÇ,ET TAVUK
690717.0,E,2.0,139,TADIM,GIDA
,,13.5,,,İÇECEK
690717.0,E,2.0,139,TADIM,GIDA
91571.0,E,5.83,8,ARMONİ ,GIDA
140.0,K,1.65,330,SANA,SÜT KAHVALTILIK
419839.0,E,1.13,A25,HAL,MEYVE SEBZE
436.0,E,6.0,163,JTİ,SİGARA
596334.0,E,1.1,255,ANKARA,GIDA
329390.0,E,0.85,77,KARTAL,GIDA
329390.0,E,4.0,81,KNORR,GIDA
329390.0,E,3.25,146,ÜLKER,SÜT KAHVALTILIK
419839.0,E,5.65,172,BURDAN,SÜT KAHVALTILIK
329390.0,E,1.05,40,DR.OETKER,GIDA
365448.0,E,5.5,192,DAVIDOF,SİGARA
329390.0,E,5.29,363,BEŞLER,ET TAVUK
329390.0,E,2.95,322,DOMESTOS,DETERJAN TEMİZLİK
329390.0,E,1.99,320,CİF,DETERJAN TEMİZLİK
994864.0,K,8.25,32,ÇAYKUR,İÇECEK
329390.0,E,3.45,198,LAVACHE-KARPER,SÜT KAHVALTILIK
858828.0,E,0.55,144,ULUDAĞ,İÇECEK
689846.0,K,3.34,A25,HAL,MEYVE SEBZE
530485.0,K,2.5,A25,HAL,MEYVE SEBZE
261614.0,K,1.95,260,KİNDER,GIDA
689846.0,K,20.95,205,EMEK YAĞ,GIDA
1012719.0,K,0.65,50, F SAFF,KAĞIT
689846.0,K,0.81,A25,HAL,MEYVE SEBZE
395764.0,K,0.25,146,ÜLKER,GIDA
,,7.25,32,ÇAYKUR,İÇECEK
402486.0,K,3.0,,,GIDA
,,9.99,133,SÖKE,GIDA
,,2.0,146,ÜLKER,GIDA
402486.0,K,2.65,197,ÇEŞMEBAŞI,SÜT KAHVALTILIK
689846.0,K,0.65,50, F SAFF,KAĞIT
689846.0,K,0.65,50, F SAFF,KAĞIT
450021.0,E,2.7,,,GIDA
1085768.0,K,1.8,,,GIDA
313670.0,E,1.0,146,ÜLKER,GIDA
731363.0,E,3.95,137,SÜTAŞ,SÜT KAHVALTILIK
464599.0,K,0.95,146,ÜLKER,GIDA
,,3.66,A25,HAL,MEYVE SEBZE
133159.0,K,2.25,383,ARKO,KOZMETİK
973800.0,E,6.1,48,EVYAP,KOZMETİK
17638.0,E,1.99,A25,HAL,MEYVE SEBZE
587549.0,E,1.4,30,COCO COLA,İÇECEK
587549.0,E,1.4,30,COCO COLA,İÇECEK
587549.0,E,1.4,30,COCO COLA,İÇECEK
587549.0,E,1.4,30,COCO COLA,İÇECEK
587549.0,E,1.4,30,COCO COLA,İÇECEK
587549.0,E,1.4,30,COCO COLA,İÇECEK
969467.0,K,2.85,115,PEPSİ,İÇECEK
8839.0,K,2.7,189,DURU,KOZMETİK
349094.0,K,0.65,50, F SAFF,KAĞIT
991280.0,K,3.23,346,SİHİRLİ ELLER,GIDA
881478.0,E,7.95,153,DERYA,SÜT KAHVALTILIK
730498.0,K,3.75,137,SÜTAŞ,SÜT KAHVALTILIK
730498.0,K,3.75,137,SÜTAŞ,SÜT KAHVALTILIK
730498.0,K,3.75,137,SÜTAŞ,SÜT KAHVALTILIK
991280.0,K,5.4,,,İÇECEK
1355.0,E,11.6,49, F NEFFİS,GIDA
1355.0,E,17.4,49, F NEFFİS,GIDA
1355.0,E,17.4,49, F NEFFİS,GIDA
335692.0,E,6.5,272,PROTEX,KOZMETİK
263446.0,E,10.0,8,ARMONİ ,GIDA
1027466.0,K,9.68,299,SENPİLİÇ,ET TAVUK
918969.0,E,4.9,207,DİXİ,DETERJAN TEMİZLİK
815714.0,K,13.5,,,İÇECEK
937.0,K,3.65,137,SÜTAŞ,SÜT KAHVALTILIK
937.0,K,2.65,124,REİS,GIDA
923091.0,E,13.5,49, F NEFFİS,GIDA
923091.0,E,5.03,8,ARMONİ ,GIDA
923091.0,E,7.84,8,ARMONİ ,GIDA
471387.0,K,1.75,139,TADIM,GIDA
736309.0,K,3.35,130,SEK,SÜT KAHVALTILIK
643302.0,E,27.0,,,İÇECEK
,,5.8,49, F NEFFİS,GIDA
1077027.0,E,9.33,299,SENPİLİÇ,ET TAVUK
995353.0,K,20.9,205,EMEK YAĞ,GIDA
937.0,K,3.65,137,SÜTAŞ,SÜT KAHVALTILIK
840598.0,E,4.45,378,LOFÇALI,DETERJAN TEMİZLİK
1083628.0,K,0.25,146,ÜLKER,SÜT KAHVALTILIK
1083628.0,K,0.25,146,ÜLKER,SÜT KAHVALTILIK
1083628.0,K,0.25,146,ÜLKER,SÜT KAHVALTILIK
995353.0,K,9.76,299,SENPİLİÇ,ET TAVUK
487092.0,E,2.5,309,GILLETTE,KOZMETİK
174323.0,E,6.51,8,ARMONİ ,GIDA
174323.0,E,3.99,257,BERRAK,GIDA
174323.0,E,7.57,299,SENPİLİÇ,ET TAVUK
302218.0,K,9.33,299,SENPİLİÇ,ET TAVUK
205256.0,E,74.37,299,SENPİLİÇ,ET TAVUK
302218.0,K,9.9,153,DERYA,SÜT KAHVALTILIK
174323.0,E,5.45,211,VERNEL,DETERJAN TEMİZLİK
302218.0,K,12.3,299,SENPİLİÇ,ET TAVUK
302218.0,K,5.4,,,İÇECEK
302218.0,K,6.5,232,KEBİR,SÜT KAHVALTILIK
302218.0,K,3.99,146,ÜLKER,SÜT KAHVALTILIK
887530.0,E,16.77,299,SENPİLİÇ,ET TAVUK
887530.0,E,13.5,49, F NEFFİS,GIDA
354061.0,E,2.01,8,ARMONİ ,GIDA
354061.0,E,9.32,299,SENPİLİÇ,ET TAVUK
602706.0,K,1.12,A25,HAL,MEYVE SEBZE
770903.0,E,1.99,320,CİF,DETERJAN TEMİZLİK
38808.0,K,21.95,237,BEBELAC,BEBEK
38808.0,K,1.25,237,BEBELAC,BEBEK
38808.0,K,1.25,237,BEBELAC,BEBEK
263446.0,E,1.5,146,ÜLKER,GIDA
847612.0,K,1.69,,,
263446.0,E,5.78,99,NOGAY,SÜT KAHVALTILIK
918969.0,E,2.95,322,DOMESTOS,DETERJAN TEMİZLİK
727888.0,K,6.98,A25,HAL,MEYVE SEBZE
676575.0,K,3.9,260,KİNDER,GIDA
918969.0,E,6.0,199,B.A.T TEKEL,SİGARA
538851.0,K,0.65,50, F SAFF,DETERJAN TEMİZLİK
538851.0,K,0.65,50, F SAFF,DETERJAN TEMİZLİK
538851.0,K,0.85,50, F SAFF,DETERJAN TEMİZLİK
538851.0,K,0.85,50, F SAFF,DETERJAN TEMİZLİK
602706.0,K,0.5,A25,HAL,MEYVE SEBZE
179293.0,E,8.5,163,JTİ,SİGARA
964290.0,K,1.29,A25,HAL,MEYVE SEBZE
736309.0,K,2.75,137,SÜTAŞ,SÜT KAHVALTILIK
406962.0,K,3.59,A25,HAL,MEYVE SEBZE
1045683.0,E,4.8,130,SEK,İÇECEK
607264.0,K,2.75,A07,HIGHGENIC,DETERJAN TEMİZLİK
736309.0,K,3.99,133,SÖKE,GIDA
406962.0,K,2.77,A25,HAL,MEYVE SEBZE
28641.0,K,2.5,146,ÜLKER,GIDA
1020990.0,E,2.5,A25,HAL,MEYVE SEBZE
1020990.0,E,10.49,172,BURDAN,SÜT KAHVALTILIK
1077027.0,E,0.8,A25,HAL,MEYVE SEBZE
1077027.0,E,1.25,A25,HAL,MEYVE SEBZE
1020990.0,E,14.25,32,ÇAYKUR,İÇECEK
289485.0,K,4.75,118,PINAR,GIDA
27399.0,E,11.75,313,HEAD&SHOULDERS,KOZMETİK
27399.0,E,11.75,313,HEAD&SHOULDERS,KOZMETİK
830964.0,E,1.97,167,BAKLİYAT,GIDA
9462.0,K,7.9,230,FİDANLAR BAHARAT,GIDA
215091.0,K,2.5,A25,HAL,MEYVE SEBZE
215091.0,K,1.47,A25,HAL,MEYVE SEBZE
349094.0,K,1.25,50, F SAFF,KAĞIT
285720.0,E,7.75,,,
215091.0,K,2.85,137,SÜTAŞ,SÜT KAHVALTILIK
215091.0,K,0.74,A25,HAL,MEYVE SEBZE
349094.0,K,9.49,105,ORKİD,KAĞIT
695416.0,K,1.15,52,FİLİZ,GIDA
1633.0,K,1.45,113,PASTAVİLLA,GIDA
1633.0,K,9.26,,,SÜT KAHVALTILIK
429459.0,E,3.44,A25,HAL,MEYVE SEBZE
695416.0,K,4.38,A25,HAL,MEYVE SEBZE
1633.0,K,3.95,137,SÜTAŞ,SÜT KAHVALTILIK
1633.0,K,4.35,172,BURDAN,SÜT KAHVALTILIK
429459.0,E,4.85,341,YAHYAOĞLU,SÜT KAHVALTILIK
429459.0,E,36.57,235,KASAP,ET TAVUK
125309.0,K,2.75,137,SÜTAŞ,SÜT KAHVALTILIK
152779.0,K,1.2,A25,HAL,MEYVE SEBZE
76135.0,E,1.5,52,FİLİZ,GIDA
125309.0,K,2.02,A25,HAL,MEYVE SEBZE
613530.0,E,2.0,A25,HAL,MEYVE SEBZE
613530.0,E,3.0,,,GIDA
613530.0,E,1.77,A25,HAL,MEYVE SEBZE
970305.0,K,5.65,172,BURDAN,SÜT KAHVALTILIK
970305.0,K,9.73,,,BEBEK
976248.0,K,1.0,146,ÜLKER,GIDA
976248.0,K,1.0,146,ÜLKER,GIDA
718641.0,K,1.0,93,MİLKA,GIDA
718641.0,K,1.0,93,MİLKA,GIDA
976248.0,K,6.99,146,ÜLKER,SÜT KAHVALTILIK
296274.0,K,14.25,32,ÇAYKUR,İÇECEK
76135.0,E,26.9,298,FAİRY,DETERJAN TEMİZLİK
26298.0,K,2.2,A25,HAL,MEYVE SEBZE
26298.0,K,6.5,16,BARİLLA,GIDA
1032103.0,K,5.4,A25,HAL,MEYVE SEBZE
1027933.0,K,1.45,113,PASTAVİLLA,GIDA
1633.0,K,2.75,25,CANBEBE,KAĞIT
1032103.0,K,3.41,A25,HAL,MEYVE SEBZE
491372.0,K,3.99,205,EMEK YAĞ,GIDA
9462.0,K,3.1,258,M.EFENDİ,İÇECEK
9462.0,K,3.1,258,M.EFENDİ,İÇECEK
225450.0,K,12.3,71,JACOPS,İÇECEK
67685.0,E,3.21,167,BAKLİYAT,GIDA
225450.0,K,9.95,96,MR.MUSCLE,DETERJAN TEMİZLİK
67685.0,E,1.75,167,BAKLİYAT,GIDA
312181.0,K,1.0,54,FRİTO,GIDA
1330.0,E,1.75,97,NESTLE,İÇECEK
312181.0,K,3.81,167,BAKLİYAT,GIDA
420967.0,E,1.9,40,DR.OETKER,GIDA
23262.0,E,14.5,118,PINAR,SÜT KAHVALTILIK
829297.0,E,11.01,223,GÜROVA,SÜT KAHVALTILIK
184609.0,K,1.79,170,KOROPLAST,EV
,,2.5,74,KAR,GIDA
,,1.5,74,KAR,GIDA
17520.0,K,7.52,167,BAKLİYAT,GIDA
8890.0,K,4.5,11,BAĞDAT,GIDA
8890.0,K,5.83,167,BAKLİYAT,GIDA
,,5.95,137,SÜTAŞ,SÜT KAHVALTILIK
,,5.95,137,SÜTAŞ,SÜT KAHVALTILIK
320693.0,K,4.6,97,NESTLE,SÜT KAHVALTILIK
320693.0,K,4.11,167,BAKLİYAT,GIDA
5734.0,E,13.02,,,SÜT KAHVALTILIK
751995.0,K,6.95,242,PRONTO,DETERJAN TEMİZLİK
10531.0,K,2.0,54,FRİTO,GIDA
530832.0,K,1.7,96,MR.MUSCLE,DETERJAN TEMİZLİK
17971.0,K,15.25,269,TRESAN,KOZMETİK
17971.0,K,11.25,221,EGOS,KOZMETİK
118628.0,K,1.75,167,BAKLİYAT,GIDA
56718.0,E,1.35,283,STİL,DETERJAN TEMİZLİK
1030957.0,K,3.07,167,BAKLİYAT,GIDA
1030957.0,K,0.95,167,BAKLİYAT,GIDA
868485.0,E,11.8,244,ELSEVE,KOZMETİK
868485.0,E,5.5,343,AKAT,KOZMETİK
380384.0,E,1.0,146,ÜLKER,GIDA
380384.0,E,1.0,146,ÜLKER,GIDA
275595.0,K,1.8,,,GIDA
380384.0,E,1.0,146,ÜLKER,GIDA
380384.0,E,1.0,146,ÜLKER,GIDA
808497.0,K,9.0,76,KARMEZ,GIDA
275595.0,K,1.0,44,ETİ,GIDA
868485.0,E,1.05,97,NESTLE,İÇECEK
57871.0,K,1.9,111,PAKMAYA,GIDA
330461.0,E,11.35,118,PINAR,SÜT KAHVALTILIK
817825.0,E,6.9,56,GLADE,DETERJAN TEMİZLİK
868.0,K,11.75,313,HEAD&SHOULDERS,KOZMETİK
868.0,K,11.75,313,HEAD&SHOULDERS,KOZMETİK
995353.0,K,9.0,357,CP,SÜT KAHVALTILIK
138711.0,K,5.69,254,OYALI,SÜT KAHVALTILIK
692221.0,K,2.95,137,SÜTAŞ,SÜT KAHVALTILIK
174323.0,E,7.92,167,BAKLİYAT,GIDA
174323.0,E,16.95,29,CEBEL,SÜT KAHVALTILIK
205256.0,E,12.5,258,M.EFENDİ,İÇECEK
901479.0,K,8.96,299,SENPİLİÇ,ET TAVUK
336765.0,K,3.9,139,TADIM,GIDA
336765.0,K,1.75,124,REİS,GIDA
336765.0,K,2.5,146,ÜLKER,GIDA
475247.0,K,5.8,49, F NEFFİS,GIDA
981542.0,K,4.45,50, F SAFF,KOZMETİK
981542.0,K,4.45,50, F SAFF,KOZMETİK
438821.0,E,2.25,301,FİRST,GIDA
1027251.0,E,1.65,146,ÜLKER,SÜT KAHVALTILIK
761612.0,K,3.2,49, F NEFFİS,İÇECEK
867502.0,E,7.0,299,SENPİLİÇ,ET TAVUK
867502.0,E,6.98,299,SENPİLİÇ,ET TAVUK
306432.0,E,1.55,144,ULUDAĞ,İÇECEK
234374.0,E,5.99,307,WELLA,KOZMETİK
656883.0,K,5.4,,,İÇECEK
608667.0,E,2.95,6,ARGEM,EV
608667.0,E,4.15,120,PRENSES,İÇECEK
1066185.0,K,3.6,37,DOĞADAN,İÇECEK
236516.0,E,2.93,8,ARMONİ ,GIDA
1031309.0,K,17.4,49, F NEFFİS,GIDA
911167.0,K,2.75,37,DOĞADAN,İÇECEK
911167.0,K,1.0,116,PEYMAN,GIDA
236516.0,E,2.25,301,FİRST,GIDA
1031309.0,K,2.65,118,PINAR,SÜT KAHVALTILIK
645150.0,K,5.4,,,İÇECEK
377905.0,K,2.25,301,FİRST,GIDA
1232.0,E,1.6,144,ULUDAĞ,İÇECEK
608667.0,E,8.5,224,BİNGO,DETERJAN TEMİZLİK
188008.0,E,4.45,50, F SAFF,KOZMETİK
262276.0,K,2.75,37,DOĞADAN,İÇECEK
236516.0,E,25.9,25,CANBEBE,BEBEK
987670.0,K,7.9,49, F NEFFİS,GIDA
987670.0,K,0.45,300,FALIM,GIDA
556659.0,E,1.49,116,PEYMAN,GIDA
556659.0,E,1.49,116,PEYMAN,GIDA
262276.0,K,2.35,334,BECEL,SÜT KAHVALTILIK
948847.0,K,2.1,A16,SCHWEPPES,İÇECEK
759273.0,K,11.95,232,KEBİR,SÜT KAHVALTILIK
759273.0,K,6.95,212,EKİCİ,SÜT KAHVALTILIK
462358.0,K,1.39,32,ÇAYKUR,İÇECEK
462358.0,K,1.39,32,ÇAYKUR,İÇECEK
262276.0,K,2.9,50, F SAFF,DETERJAN TEMİZLİK
76135.0,E,12.9,175,CALGONIT,DETERJAN TEMİZLİK
378455.0,K,6.9,284,VİLEDA,DETERJAN TEMİZLİK
468523.0,E,8.7,95,MOLPED,KAĞIT
421728.0,E,0.5,146,ÜLKER,GIDA
233152.0,E,2.31,A25,HAL,MEYVE SEBZE
233152.0,E,1.45,113,PASTAVİLLA,GIDA
233152.0,E,1.45,113,PASTAVİLLA,GIDA
233152.0,E,10.65,235,KASAP,ET TAVUK
233152.0,E,0.63,A25,HAL,MEYVE SEBZE
233152.0,E,1.1,255,ANKARA,GIDA
278059.0,E,0.75,146,ÜLKER,GIDA
731893.0,K,2.65,97,NESTLE,GIDA
278059.0,E,0.75,146,ÜLKER,GIDA
233152.0,E,26.09,235,KASAP,ET TAVUK
233152.0,E,12.9,101,NUTELLA,SÜT KAHVALTILIK
278059.0,E,6.0,163,JTİ,SİGARA
278059.0,E,2.3,144,ULUDAĞ,İÇECEK
233152.0,E,7.25,212,EKİCİ,SÜT KAHVALTILIK
233152.0,E,0.8,A25,HAL,MEYVE SEBZE
233152.0,E,1.39,A25,HAL,MEYVE SEBZE
258403.0,K,1.0,204,ŞÖLEN,GIDA
130069.0,E,2.33,A25,HAL,MEYVE SEBZE
233152.0,E,3.25,A25,HAL,MEYVE SEBZE
794351.0,E,1.93,A25,HAL,MEYVE SEBZE
233152.0,E,1.0,204,ŞÖLEN,GIDA
794351.0,E,2.3,144,ULUDAĞ,İÇECEK
491557.0,E,3.88,A25,HAL,MEYVE SEBZE
794351.0,E,5.25,137,SÜTAŞ,SÜT KAHVALTILIK
130069.0,E,1.59,A25,HAL,MEYVE SEBZE
98227.0,E,4.85,341,YAHYAOĞLU,SÜT KAHVALTILIK
98227.0,E,4.11,A25,HAL,MEYVE SEBZE
646776.0,K,2.4,A25,HAL,MEYVE SEBZE
512553.0,E,2.5,222,SC.BRİTE,DETERJAN TEMİZLİK
309.0,K,6.24,A25,HAL,MEYVE SEBZE
98227.0,E,2.95,50, F SAFF,KAĞIT
309.0,K,4.79,99,NOGAY,SÜT KAHVALTILIK
170463.0,K,14.25,32,ÇAYKUR,İÇECEK
309.0,K,5.65,172,BURDAN,SÜT KAHVALTILIK
708895.0,K,5.65,172,BURDAN,SÜT KAHVALTILIK
518437.0,E,2.5,A25,HAL,MEYVE SEBZE
,,7.0,A25,HAL,MEYVE SEBZE
13831.0,K,2.99,146,ÜLKER,GIDA
1026106.0,K,1.05,A25,HAL,MEYVE SEBZE
1026106.0,K,1.11,A25,HAL,MEYVE SEBZE
91314.0,K,4.25,132,SİNANGİL,GIDA
91314.0,K,6.0,199,B.A.T TEKEL,SİGARA
561758.0,E,8.0,163,JTİ,SİGARA
561758.0,E,8.0,163,JTİ,SİGARA
1044518.0,E,2.35,A25,HAL,MEYVE SEBZE
646776.0,K,5.95,,,
237824.0,K,6.0,163,JTİ,SİGARA
658717.0,K,2.42,A25,HAL,MEYVE SEBZE
371949.0,K,7.75,262,MARET,ET TAVUK
9029.0,E,5.5,199,B.A.T TEKEL,SİGARA
371949.0,K,7.35,137,SÜTAŞ,SÜT KAHVALTILIK
657263.0,E,8.0,163,JTİ,SİGARA
854523.0,K,0.4,227,PAPİA,KAĞIT
161747.0,K,20.95,205,EMEK YAĞ,GIDA
738119.0,E,1.0,146,ÜLKER,GIDA
738119.0,E,1.0,146,ÜLKER,GIDA
738119.0,E,2.9,40,DR.OETKER,GIDA
738119.0,E,3.35,40,DR.OETKER,GIDA
788697.0,K,0.54,A25,HAL,MEYVE SEBZE
930586.0,K,0.95,A25,HAL,MEYVE SEBZE
738119.0,E,2.5,146,ÜLKER,GIDA
788697.0,K,0.8,A25,HAL,MEYVE SEBZE
738119.0,E,1.0,81,KNORR,GIDA
738119.0,E,1.0,81,KNORR,GIDA
738119.0,E,1.0,81,KNORR,GIDA
788697.0,K,1.25,A25,HAL,MEYVE SEBZE
752099.0,E,3.11,A25,HAL,MEYVE SEBZE
738119.0,E,3.5,130,SEK,GIDA
738119.0,E,3.45,137,SÜTAŞ,GIDA
738119.0,E,3.45,137,SÜTAŞ,GIDA
738119.0,E,3.45,137,SÜTAŞ,GIDA
738119.0,E,3.45,137,SÜTAŞ,GIDA
752099.0,E,0.35,97,NESTLE,GIDA
752099.0,E,0.35,97,NESTLE,GIDA
752099.0,E,0.35,97,NESTLE,GIDA
752099.0,E,0.35,97,NESTLE,GIDA
738119.0,E,6.95,97,NESTLE,GIDA
738119.0,E,0.75,146,ÜLKER,GIDA
738119.0,E,0.75,146,ÜLKER,GIDA
738119.0,E,0.75,146,ÜLKER,GIDA
738119.0,E,0.75,146,ÜLKER,GIDA
930586.0,K,1.16,A25,HAL,MEYVE SEBZE
738119.0,E,1.0,81,KNORR,GIDA
910630.0,E,6.95,322,DOMESTOS,DETERJAN TEMİZLİK
738119.0,E,0.75,146,ÜLKER,GIDA
332486.0,K,2.35,378,LOFÇALI,DETERJAN TEMİZLİK
260689.0,E,6.5,166,HUNCA,KOZMETİK
280583.0,E,4.0,139,TADIM,GIDA
1268.0,K,21.9,66,HUGGİES,BEBEK
1268.0,K,21.9,66,HUGGİES,BEBEK
904617.0,E,1.49,116,PEYMAN,GIDA
904617.0,E,1.49,116,PEYMAN,GIDA
931401.0,E,3.9,144,ULUDAĞ,İÇECEK
98723.0,K,1.7,81,KNORR,GIDA
453449.0,K,1.85,234,FUNDA KAYA,GIDA
453449.0,K,5.59,151,YÖRSAN,SÜT KAHVALTILIK
453449.0,K,5.01,8,ARMONİ ,GIDA
453449.0,K,6.49,8,ARMONİ ,GIDA
380384.0,E,1.0,146,ÜLKER,GIDA
450021.0,E,2.47,118,PINAR,ET TAVUK
808497.0,K,13.1,355,ART CRAF,EV
205256.0,E,16.04,167,BAKLİYAT,GIDA
302218.0,K,2.25,67,İÇİM SEHER,SÜT KAHVALTILIK
205256.0,E,12.08,167,BAKLİYAT,GIDA
302218.0,K,6.25,118,PINAR,SÜT KAHVALTILIK
205256.0,E,12.11,167,BAKLİYAT,GIDA
205256.0,E,3.51,167,BAKLİYAT,GIDA
205256.0,E,1.4,97,NESTLE,İÇECEK
302218.0,K,2.75,,,EV
302218.0,K,4.51,167,BAKLİYAT,GIDA
302218.0,K,1.99,67,İÇİM SEHER,SÜT KAHVALTILIK
302218.0,K,9.38,212,EKİCİ,SÜT KAHVALTILIK
302218.0,K,5.95,212,EKİCİ,SÜT KAHVALTILIK
302218.0,K,3.95,118,PINAR,SÜT KAHVALTILIK
302218.0,K,4.5,357,CP,SÜT KAHVALTILIK
239071.0,K,1.8,130,SEK,SÜT KAHVALTILIK
511940.0,E,4.5,357,CP,SÜT KAHVALTILIK
336765.0,K,9.95,357,CP,SÜT KAHVALTILIK
1922.0,K,4.75,118,PINAR,SÜT KAHVALTILIK
1019666.0,K,2.81,167,BAKLİYAT,GIDA
336765.0,K,4.5,31,COOK,EV
1922.0,K,4.5,357,CP,SÜT KAHVALTILIK
58203.0,K,3.83,167,BAKLİYAT,GIDA
275595.0,K,6.9,167,BAKLİYAT,GIDA
761612.0,K,1.0,54,FRİTO,GIDA
,,2.5,169,KEMAL KÜKRER,GIDA
761612.0,K,3.15,401,SELALE,KOZMETİK
234374.0,E,1.1,383,ARKO,KOZMETİK
608667.0,E,6.5,117,PHILIPS,EV
608667.0,E,6.5,117,PHILIPS,EV
608667.0,E,0.5,50, F SAFF,EV
677674.0,E,9.9,245,COLGATE,KOZMETİK
608667.0,E,6.5,117,PHILIPS,EV
1031309.0,K,2.75,114,PENGUEN,GIDA
1031309.0,K,4.5,167,BAKLİYAT,GIDA
1031309.0,K,7.59,167,BAKLİYAT,GIDA
1031309.0,K,6.02,167,BAKLİYAT,GIDA
236516.0,E,3.25,137,SÜTAŞ,SÜT KAHVALTILIK
1031309.0,K,1.76,167,BAKLİYAT,GIDA
236516.0,E,6.5,117,PHILIPS,EV
1031309.0,K,2.95,12, F BAKTAT,GIDA
628192.0,E,2.25,97,NESTLE,İÇECEK
,,3.14,A25,HAL,MEYVE SEBZE
995353.0,K,0.8,A25,HAL,MEYVE SEBZE
1077027.0,E,6.4,A25,HAL,MEYVE SEBZE
995353.0,K,4.4,255,ANKARA,GIDA
920261.0,K,1.85,361,BİLLUR,GIDA
322886.0,E,2.35,137,SÜTAŞ,İÇECEK
1083628.0,K,5.75,97,NESTLE,GIDA
1083628.0,K,0.25,146,ÜLKER,GIDA
937.0,K,1.85,95,MOLPED,KAĞIT
937.0,K,1.85,95,MOLPED,KAĞIT
140544.0,K,24.86,235,KASAP,ET TAVUK
995353.0,K,6.99,137,SÜTAŞ,SÜT KAHVALTILIK
1083628.0,K,1.78,A25,HAL,MEYVE SEBZE
995353.0,K,5.12,A25,HAL,MEYVE SEBZE
995353.0,K,3.18,A25,HAL,MEYVE SEBZE
995353.0,K,2.79,A25,HAL,MEYVE SEBZE
995353.0,K,27.84,235,KASAP,ET TAVUK
691289.0,K,10.49,,,SÜT KAHVALTILIK
995353.0,K,2.5,A25,HAL,MEYVE SEBZE
1083628.0,K,0.75,146,ÜLKER,GIDA
1083628.0,K,1.5,146,ÜLKER,GIDA
1083628.0,K,1.28,A25,HAL,MEYVE SEBZE
1083628.0,K,2.99,146,ÜLKER,GIDA
1083628.0,K,2.19,95,MOLPED,KAĞIT
221317.0,K,1.5,146,ÜLKER,GIDA
221317.0,K,1.0,146,ÜLKER,GIDA
174323.0,E,3.5,A25,HAL,MEYVE SEBZE
174323.0,E,5.88,A25,HAL,MEYVE SEBZE
174323.0,E,2.48,A25,HAL,MEYVE SEBZE
174323.0,E,3.15,A25,HAL,MEYVE SEBZE
174323.0,E,4.65,205,EMEK YAĞ,GIDA
174323.0,E,6.25,49, F NEFFİS,SÜT KAHVALTILIK
174323.0,E,4.85,363,BEŞLER,ET TAVUK
174323.0,E,0.85,77,KARTAL,GIDA
174323.0,E,0.85,77,KARTAL,GIDA
302218.0,K,7.8,146,ÜLKER,GIDA
738119.0,E,0.75,146,ÜLKER,GIDA
738119.0,E,0.75,146,ÜLKER,GIDA
738119.0,E,2.99,146,ÜLKER,GIDA
738119.0,E,0.5,146,ÜLKER,GIDA
738119.0,E,0.5,146,ÜLKER,GIDA
738119.0,E,0.5,146,ÜLKER,GIDA
738119.0,E,0.5,146,ÜLKER,GIDA
738119.0,E,0.5,146,ÜLKER,GIDA
738119.0,E,3.25,146,ÜLKER,GIDA
910630.0,E,3.25,341,YAHYAOĞLU,SÜT KAHVALTILIK
738119.0,E,2.25,216,SOLO,KAĞIT
738119.0,E,4.25,363,BEŞLER,ET TAVUK
738119.0,E,1.65,31,COOK,EV
910630.0,E,2.75,A07,HIGHGENIC,DETERJAN TEMİZLİK
738119.0,E,1.0,93,MİLKA,GIDA
738119.0,E,1.0,93,MİLKA,GIDA
738119.0,E,1.25,52,FİLİZ,GIDA
738119.0,E,1.25,52,FİLİZ,GIDA
738119.0,E,1.25,52,FİLİZ,GIDA
410376.0,K,0.95,146,ÜLKER,GIDA
738119.0,E,1.0,81,KNORR,GIDA
738119.0,E,0.75,146,ÜLKER,GIDA
738119.0,E,0.75,146,ÜLKER,GIDA
738119.0,E,0.75,146,ÜLKER,GIDA
352302.0,K,12.9,101,NUTELLA,SÜT KAHVALTILIK
738119.0,E,12.9,101,NUTELLA,SÜT KAHVALTILIK
738119.0,E,1.5,159,PİKNİK,EV
738119.0,E,10.49,172,BURDAN,SÜT KAHVALTILIK
738119.0,E,1.89,50, F SAFF,DETERJAN TEMİZLİK
738119.0,E,3.35,284,VİLEDA,DETERJAN TEMİZLİK
752099.0,E,3.99,262,MARET,ET TAVUK
352302.0,K,4.95,198,LAVACHE-KARPER,SÜT KAHVALTILIK
1083628.0,K,3.25,39,DOĞUŞ,İÇECEK
1083628.0,K,11.45,88,LİPTON,İÇECEK
752099.0,E,21.13,235,KASAP,ET TAVUK
738119.0,E,11.9,320,CİF,DETERJAN TEMİZLİK
738119.0,E,7.95,224,BİNGO,DETERJAN TEMİZLİK
738119.0,E,11.45,224,BİNGO,DETERJAN TEMİZLİK
1083628.0,K,3.91,A25,HAL,MEYVE SEBZE
176687.0,K,6.75,118,PINAR,ET TAVUK
738119.0,E,7.9,50, F SAFF,KAĞIT
738119.0,E,8.9,226,FAMİLY,KAĞIT
738119.0,E,3.2,215,SELPAK,KAĞIT
738119.0,E,1.35,219,SERVİS,KAĞIT
738119.0,E,8.95,66,HUGGİES,KAĞIT
865507.0,E,1.25,44,ETİ,GIDA
473234.0,E,1.1,255,ANKARA,GIDA
473234.0,E,2.75,250,İPEK KOZMETİK,KOZMETİK
518061.0,K,3.6,32,ÇAYKUR,İÇECEK
518061.0,K,3.6,32,ÇAYKUR,İÇECEK
473234.0,E,7.25,32,ÇAYKUR,İÇECEK
865507.0,E,45.49,235,KASAP,ET TAVUK
473234.0,E,1.5,40,DR.OETKER,GIDA
116343.0,K,0.8,A25,HAL,MEYVE SEBZE
473234.0,E,1.1,255,ANKARA,GIDA
473234.0,E,1.35,40,DR.OETKER,GIDA
116343.0,K,2.29,A25,HAL,MEYVE SEBZE
116343.0,K,0.5,A25,HAL,MEYVE SEBZE
116343.0,K,1.66,A25,HAL,MEYVE SEBZE
116343.0,K,4.28,A25,HAL,MEYVE SEBZE
518061.0,K,23.5,39,DOĞUŞ,İÇECEK
473234.0,E,1.1,255,ANKARA,GIDA
601673.0,K,2.2,A25,HAL,MEYVE SEBZE
473234.0,E,1.9,222,SC.BRİTE,DETERJAN TEMİZLİK
473234.0,E,5.29,363,BEŞLER,ET TAVUK
473234.0,E,9.5,341,YAHYAOĞLU,SÜT KAHVALTILIK
601673.0,K,5.65,172,BURDAN,SÜT KAHVALTILIK
537051.0,K,2.45,40,DR.OETKER,GIDA
116343.0,K,2.24,A25,HAL,MEYVE SEBZE
601673.0,K,1.34,A25,HAL,MEYVE SEBZE
859718.0,E,5.65,172,BURDAN,SÜT KAHVALTILIK
715236.0,E,8.0,163,JTİ,SİGARA
601673.0,K,2.3,144,ULUDAĞ,İÇECEK
601673.0,K,2.79,A25,HAL,MEYVE SEBZE
537051.0,K,4.85,137,SÜTAŞ,SÜT KAHVALTILIK
601673.0,K,1.9,159,PİKNİK,EV
627603.0,K,0.8,A25,HAL,MEYVE SEBZE
647118.0,E,1.3,A25,HAL,MEYVE SEBZE
627603.0,K,1.82,A25,HAL,MEYVE SEBZE
721815.0,E,2.3,A25,HAL,MEYVE SEBZE
537051.0,K,6.0,,,GIDA
765526.0,K,21.75,205,EMEK YAĞ,GIDA
601673.0,K,5.95,,,
859718.0,E,1.98,,,
242063.0,E,3.69,355,ART CRAF,EV
302218.0,K,12.13,363,BEŞLER,ET TAVUK
302218.0,K,1.1,255,ANKARA,GIDA
302218.0,K,1.1,255,ANKARA,GIDA
302218.0,K,1.1,255,ANKARA,GIDA
302218.0,K,1.45,260,KİNDER,GIDA
302218.0,K,1.45,260,KİNDER,GIDA
138711.0,K,2.95,,,
1083628.0,K,4.9,,,
302218.0,K,6.95,101,NUTELLA,SÜT KAHVALTILIK
302218.0,K,1.6,89,M.BİRLİK,SÜT KAHVALTILIK
302218.0,K,8.2,99,NOGAY,SÜT KAHVALTILIK
54633.0,K,0.75,79,KENT,GIDA
54633.0,K,3.9,97,NESTLE,SÜT KAHVALTILIK
54633.0,K,3.8,153,DERYA,SÜT KAHVALTILIK
758571.0,K,6.99,24,CALVE,GIDA
758571.0,K,3.6,141,TAT,GIDA
758571.0,K,2.95,58,H.ŞAKİR,KOZMETİK
758571.0,K,2.65,6,ARGEM,EV
916598.0,K,2.75,146,ÜLKER,SÜT KAHVALTILIK
758571.0,K,5.45,211,VERNEL,DETERJAN TEMİZLİK
819032.0,E,1.35,257,BERRAK,GIDA
819032.0,E,1.35,257,BERRAK,GIDA
401980.0,K,13.5,,,İÇECEK
600189.0,K,0.9,300,FALIM,GIDA
134498.0,E,9.27,299,SENPİLİÇ,ET TAVUK
753435.0,K,2.5,146,ÜLKER,SÜT KAHVALTILIK
753435.0,K,1.75,146,ÜLKER,SÜT KAHVALTILIK
753435.0,K,1.75,146,ÜLKER,SÜT KAHVALTILIK
401980.0,K,3.35,224,BİNGO,DETERJAN TEMİZLİK
600189.0,K,1.8,44,ETİ,BEBEK
,,1.75,50, F SAFF,DETERJAN TEMİZLİK
473555.0,K,0.75,79,KENT,GIDA
514502.0,K,0.27,346,SİHİRLİ ELLER,GIDA
259364.0,K,2.0,139,TADIM,GIDA
10222.0,K,5.8,49, F NEFFİS,GIDA
375407.0,K,5.95,146,ÜLKER,SÜT KAHVALTILIK
920367.0,K,5.8,49, F NEFFİS,GIDA
615126.0,K,4.35,97,NESTLE,SÜT KAHVALTILIK
920367.0,K,5.8,49, F NEFFİS,GIDA
920367.0,K,5.8,49, F NEFFİS,GIDA
1094748.0,K,2.45,82,KONYA,İÇECEK
37116.0,E,5.75,333,YUMOŞ,DETERJAN TEMİZLİK
869396.0,K,9.5,146,ÜLKER,GIDA
869396.0,K,2.45,118,PINAR,GIDA
858065.0,K,2.25,301,FİRST,GIDA
750999.0,K,7.25,284,VİLEDA,DETERJAN TEMİZLİK
760610.0,K,13.5,,,İÇECEK
760610.0,K,2.1,144,ULUDAĞ,İÇECEK
416610.0,K,5.45,8,ARMONİ ,GIDA
8890.0,K,5.95,137,SÜTAŞ,SÜT KAHVALTILIK
17520.0,K,5.95,137,SÜTAŞ,SÜT KAHVALTILIK
8890.0,K,2.75,37,DOĞADAN,İÇECEK
5734.0,E,0.75,79,KENT,GIDA
5734.0,E,0.75,79,KENT,GIDA
8978.0,K,7.75,139,TADIM,GIDA
1247.0,E,2.63,8,ARMONİ ,GIDA
9347.0,E,2.95,49, F NEFFİS,GIDA
9279.0,E,1.95,144,ULUDAĞ,İÇECEK
17971.0,K,30.95,309,GILLETTE,KOZMETİK
17971.0,K,8.75,309,GILLETTE,KOZMETİK
17971.0,K,8.75,309,GILLETTE,KOZMETİK
9347.0,E,8.69,299,SENPİLİÇ,ET TAVUK
1247.0,E,4.83,299,SENPİLİÇ,ET TAVUK
302218.0,K,2.95,322,DOMESTOS,DETERJAN TEMİZLİK
887530.0,E,1.75,A25,HAL,MEYVE SEBZE
12050.0,K,1.5,146,ÜLKER,GIDA
12050.0,K,1.5,146,ÜLKER,GIDA
1031309.0,K,1.4,118,PINAR,SÜT KAHVALTILIK
628192.0,E,10.95,137,SÜTAŞ,SÜT KAHVALTILIK
188008.0,E,1.95,292,FERSAN,GIDA
1065858.0,E,16.9,29,CEBEL,SÜT KAHVALTILIK
920261.0,K,1.8,,,GIDA
976.0,E,1.0,146,ÜLKER,GIDA
976.0,E,1.25,146,ÜLKER,GIDA
674056.0,E,1.25,115,PEPSİ,İÇECEK
313670.0,E,2.75,189,DURU,KOZMETİK
17851.0,E,2.45,30,COCO COLA,İÇECEK
374515.0,E,5.95,137,SÜTAŞ,SÜT KAHVALTILIK
139078.0,K,14.04,262,MARET,ET TAVUK
976248.0,K,3.95,146,ÜLKER,GIDA
930.0,K,1.0,146,ÜLKER,GIDA
8102.0,K,1.0,146,ÜLKER,GIDA
8102.0,K,1.0,146,ÜLKER,GIDA
8102.0,K,1.0,146,ÜLKER,GIDA
8102.0,K,1.0,146,ÜLKER,GIDA
8102.0,K,1.0,146,ÜLKER,GIDA
1027933.0,K,1.0,44,ETİ,GIDA
1027933.0,K,4.8,44,ETİ,GIDA
1027933.0,K,1.0,44,ETİ,GIDA
1027933.0,K,0.75,146,ÜLKER,GIDA
1027933.0,K,0.75,146,ÜLKER,GIDA
976248.0,K,0.75,146,ÜLKER,GIDA
976248.0,K,0.75,146,ÜLKER,GIDA
296274.0,K,1.8,144,ULUDAĞ,İÇECEK
911712.0,K,2.25,130,SEK,İÇECEK
911712.0,K,0.9,,,GIDA
911712.0,K,2.25,130,SEK,İÇECEK
709834.0,E,0.25,44,ETİ,GIDA
294158.0,E,0.35,43,ERİKLİ,İÇECEK
421728.0,E,0.25,146,ÜLKER,GIDA
233152.0,E,1.0,146,ÜLKER,GIDA
233152.0,E,0.5,44,ETİ,GIDA
233152.0,E,1.2,44,ETİ,GIDA
233152.0,E,2.39,118,PINAR,SÜT KAHVALTILIK
233152.0,E,1.0,146,ÜLKER,GIDA
233152.0,E,6.53,118,PINAR,ET TAVUK
98227.0,E,2.2,49, F NEFFİS,İÇECEK
233152.0,E,1.0,44,ETİ,GIDA
233152.0,E,1.75,44,ETİ,GIDA
233152.0,E,2.15,,,SÜT KAHVALTILIK
98227.0,E,1.0,361,BİLLUR,GIDA
582236.0,K,0.5,146,ÜLKER,GIDA
794351.0,E,1.95,A02,TROPİCANO,İÇECEK
582236.0,K,0.3,146,ÜLKER,İÇECEK
646776.0,K,4.75,145,UNO,GIDA
646776.0,K,1.35,260,KİNDER,GIDA
646776.0,K,1.35,260,KİNDER,GIDA
582236.0,K,0.5,146,ÜLKER,GIDA
583849.0,E,1.75,146,ÜLKER,GIDA
583849.0,E,2.0,146,ÜLKER,GIDA
13831.0,K,0.5,146,ÜLKER,GIDA
854523.0,K,0.3,146,ÜLKER,İÇECEK
13831.0,K,0.2,44,ETİ,GIDA
854523.0,K,0.5,146,ÜLKER,GIDA
91314.0,K,7.28,,,SÜT KAHVALTILIK
708895.0,K,5.9,363,BEŞLER,ET TAVUK
127315.0,K,0.35,43,ERİKLİ,İÇECEK
,,3.0,134,SULTAN,GIDA
738119.0,E,3.25,81,KNORR,GIDA
930586.0,K,1.69,49, F NEFFİS,SÜT KAHVALTILIK
371949.0,K,4.78,118,PINAR,SÜT KAHVALTILIK
371949.0,K,0.95,118,PINAR,SÜT KAHVALTILIK
371949.0,K,4.75,118,PINAR,SÜT KAHVALTILIK
371949.0,K,1.6,118,PINAR,ET TAVUK
738119.0,E,0.75,44,ETİ,GIDA
738119.0,E,0.75,44,ETİ,GIDA
738119.0,E,3.25,81,KNORR,GIDA
752099.0,E,1.0,44,ETİ,GIDA
738119.0,E,3.69,67,İÇİM SEHER,SÜT KAHVALTILIK
738119.0,E,0.75,146,ÜLKER,GIDA
738119.0,E,0.75,146,ÜLKER,GIDA
738119.0,E,4.0,146,ÜLKER,GIDA
738119.0,E,15.35,118,PINAR,ET TAVUK
371949.0,K,3.19,30,COCO COLA,İÇECEK
738119.0,E,0.75,44,ETİ,GIDA
738119.0,E,3.69,67,İÇİM SEHER,SÜT KAHVALTILIK
738119.0,E,1.95,36,DİMES,İÇECEK
752099.0,E,1.0,44,ETİ,GIDA
738119.0,E,8.5,320,CİF,DETERJAN TEMİZLİK
738119.0,E,2.0,146,ÜLKER,GIDA
920937.0,E,3.75,146,ÜLKER,GIDA
920937.0,E,3.95,146,ÜLKER,GIDA
920937.0,E,1.85,361,BİLLUR,GIDA
920937.0,E,1.0,59,HALK,GIDA
920937.0,E,1.0,59,HALK,GIDA
656157.0,E,2.25,118,PINAR,SÜT KAHVALTILIK
656157.0,E,2.25,118,PINAR,SÜT KAHVALTILIK
,,4.25,43,ERİKLİ,İÇECEK
313670.0,E,3.75,320,CİF,DETERJAN TEMİZLİK
313670.0,E,17.5,295,ALO,DETERJAN TEMİZLİK
1014143.0,E,2.8,134,SULTAN,GIDA
580260.0,E,1.8,167,BAKLİYAT,GIDA
139078.0,K,3.09,,,SÜT KAHVALTILIK
479878.0,E,12.95,321,CLEAR,KOZMETİK
970458.0,E,2.7,189,DURU,KOZMETİK
479878.0,E,5.65,303,BLENDAX,KOZMETİK
993892.0,E,5.25,324,ELİDOR,KOZMETİK
970458.0,E,9.5,323,DOVE,KOZMETİK
,,5.82,,,SÜT KAHVALTILIK
,,3.1,258,M.EFENDİ,İÇECEK
423396.0,K,1.7,96,MR.MUSCLE,DETERJAN TEMİZLİK
627867.0,K,3.1,258,M.EFENDİ,İÇECEK
184965.0,K,3.9,50, F SAFF,EV
184965.0,K,3.9,50, F SAFF,EV
601560.0,E,3.45,399,GULER NGS,GIDA
604037.0,K,0.95,167,BAKLİYAT,GIDA
898837.0,K,0.85,130,SEK,SÜT KAHVALTILIK
898837.0,K,0.85,130,SEK,SÜT KAHVALTILIK
898837.0,K,0.85,130,SEK,SÜT KAHVALTILIK
898837.0,K,0.85,130,SEK,SÜT KAHVALTILIK
898837.0,K,0.85,130,SEK,SÜT KAHVALTILIK
241916.0,E,3.5,189,DURU,KOZMETİK
313670.0,E,2.0,348,AYTAÇ,SÜT KAHVALTILIK
313670.0,E,2.0,348,AYTAÇ,SÜT KAHVALTILIK
1015788.0,E,1.75,44,ETİ,GIDA
239554.0,K,1.0,151,YÖRSAN,İÇECEK
214658.0,K,0.85,271,IŞIL,GIDA
41601.0,E,0.25,44,ETİ,GIDA
41601.0,E,0.25,44,ETİ,GIDA
105156.0,E,2.39,118,PINAR,SÜT KAHVALTILIK
727235.0,E,0.95,118,PINAR,SÜT KAHVALTILIK
727235.0,E,0.95,118,PINAR,SÜT KAHVALTILIK
727235.0,E,0.95,118,PINAR,SÜT KAHVALTILIK
1078685.0,K,1.5,361,BİLLUR,GIDA
727235.0,E,0.5,44,ETİ,GIDA
727235.0,E,0.5,44,ETİ,GIDA
727235.0,E,0.75,44,ETİ,GIDA
1078685.0,K,1.0,146,ÜLKER,GIDA
727235.0,E,0.75,44,ETİ,GIDA
727235.0,E,0.75,44,ETİ,GIDA
727235.0,E,1.0,44,ETİ,GIDA
727235.0,E,0.45,118,PINAR,İÇECEK
727235.0,E,0.6,118,PINAR,İÇECEK
483910.0,K,4.83,118,PINAR,ET TAVUK
522433.0,K,1.69,49, F NEFFİS,SÜT KAHVALTILIK
313670.0,E,3.4,361,BİLLUR,GIDA
313670.0,E,5.5,189,DURU,KOZMETİK
313670.0,E,2.75,189,DURU,KOZMETİK
313670.0,E,13.75,58,H.ŞAKİR,DETERJAN TEMİZLİK
9279.0,E,1.25,146,ÜLKER,BEBEK
9279.0,E,1.5,146,ÜLKER,BEBEK
,,3.1,258,M.EFENDİ,İÇECEK
501314.0,E,2.5,167,BAKLİYAT,GIDA
501314.0,E,3.24,167,BAKLİYAT,GIDA
501314.0,E,2.38,167,BAKLİYAT,GIDA
,,1.5,50, F SAFF,DETERJAN TEMİZLİK
813633.0,E,1.0,146,ÜLKER,GIDA
82325.0,E,1.6,,,GIDA
82325.0,E,1.6,,,GIDA
872479.0,K,4.9,170,KOROPLAST,EV
872479.0,K,2.25,31,COOK,EV
872479.0,K,4.9,170,KOROPLAST,EV
64022.0,E,1.5,74,KAR,GIDA
64022.0,E,1.5,74,KAR,GIDA
872479.0,K,3.6,268,BANAT,DETERJAN TEMİZLİK
462420.0,K,2.75,50, F SAFF,DETERJAN TEMİZLİK
765609.0,K,1.3,264,SONY,EV
765609.0,K,2.25,407,FE DİŞ PASTASI,KOZMETİK
,,3.1,258,M.EFENDİ,İÇECEK
356.0,E,16.45,269,TRESAN,KOZMETİK
978463.0,K,1.9,40,DR.OETKER,GIDA
252.0,E,2.5,167,BAKLİYAT,GIDA
15873.0,E,1.75,97,NESTLE,İÇECEK
322966.0,E,3.4,96,MR.MUSCLE,DETERJAN TEMİZLİK
1333.0,K,7.52,167,BAKLİYAT,GIDA
1065564.0,K,5.95,137,SÜTAŞ,SÜT KAHVALTILIK
1333.0,K,2.51,167,BAKLİYAT,GIDA
630672.0,E,80.0,167,BAKLİYAT,GIDA
426732.0,K,11.58,167,BAKLİYAT,GIDA
647382.0,K,10.99,137,SÜTAŞ,SÜT KAHVALTILIK
210120.0,E,5.25,141,TAT,GIDA
840877.0,E,2.0,399,GULER NGS,GIDA
426732.0,K,1.32,167,BAKLİYAT,GIDA
647382.0,K,1.5,230,FİDANLAR BAHARAT,GIDA
840877.0,E,11.74,,,ET TAVUK
56243.0,K,1.0,54,FRİTO,GIDA
647382.0,K,5.95,137,SÜTAŞ,SÜT KAHVALTILIK
647382.0,K,5.95,137,SÜTAŞ,SÜT KAHVALTILIK
840877.0,E,5.5,399,GULER NGS,GIDA
299415.0,K,1.4,230,FİDANLAR BAHARAT,GIDA
815714.0,K,2.15,50, F SAFF,EV
17971.0,K,5.15,383,ARKO,KOZMETİK
342529.0,K,1.45,8,ARMONİ ,GIDA
342529.0,K,1.26,8,ARMONİ ,GIDA
1030957.0,K,2.95,141,TAT,GIDA
1030957.0,K,3.45,141,TAT,GIDA
342529.0,K,0.95,144,ULUDAĞ,İÇECEK
9347.0,E,1.55,330,SANA,SÜT KAHVALTILIK
1030957.0,K,1.75,146,ÜLKER,SÜT KAHVALTILIK
1047579.0,E,4.45,50, F SAFF,KOZMETİK
946577.0,K,1.25,54,FRİTO,GIDA
1025099.0,E,1.0,146,ÜLKER,SÜT KAHVALTILIK
1030957.0,K,1.75,146,ÜLKER,SÜT KAHVALTILIK
1030957.0,K,1.75,146,ÜLKER,SÜT KAHVALTILIK
1030957.0,K,1.75,146,ÜLKER,SÜT KAHVALTILIK
1047579.0,E,3.9,A05,PERWOLL,DETERJAN TEMİZLİK
57871.0,K,1.85,234,FUNDA KAYA,GIDA
868485.0,E,2.25,301,FİRST,GIDA
868485.0,E,0.45,300,FALIM,GIDA
57871.0,K,59.4,,,İÇECEK
57871.0,K,59.4,,,İÇECEK
57871.0,K,5.4,,,İÇECEK
330461.0,E,1.95,330,SANA,SÜT KAHVALTILIK
868.0,K,19.0,217,NİVEA,KOZMETİK
1000602.0,K,7.95,337,AXE,KOZMETİK
503553.0,E,0.35,346,SİHİRLİ ELLER,GIDA
503553.0,E,1.0,346,SİHİRLİ ELLER,GIDA
868.0,K,9.9,312,PERMATİK,KOZMETİK
1030957.0,K,1.8,44,ETİ,BEBEK
691401.0,K,9.94,299,SENPİLİÇ,ET TAVUK
923704.0,E,2.95,378,LOFÇALI,DETERJAN TEMİZLİK
479878.0,E,1.8,312,PERMATİK,KOZMETİK
479878.0,E,3.9,312,PERMATİK,KOZMETİK
507580.0,K,5.45,118,PINAR,GIDA
2044.0,K,3.6,118,PINAR,ET TAVUK
352302.0,K,7.15,118,PINAR,ET TAVUK
738119.0,E,20.9,297,ARİEL,DETERJAN TEMİZLİK
920937.0,E,1.5,134,SULTAN,GIDA
176687.0,K,1.5,134,SULTAN,GIDA
920937.0,E,3.0,,,GIDA
473234.0,E,2.0,44,ETİ,GIDA
473234.0,E,2.75,44,ETİ,GIDA
473234.0,E,1.25,44,ETİ,GIDA
473234.0,E,0.99,111,PAKMAYA,GIDA
473234.0,E,1.95,118,PINAR,İÇECEK
473234.0,E,0.99,111,PAKMAYA,GIDA
738045.0,K,1.75,130,SEK,İÇECEK
859718.0,E,2.15,204,ŞÖLEN,GIDA
221807.0,K,1.0,146,ÜLKER,GIDA
732511.0,K,1.8,,,GIDA
601673.0,K,2.0,134,SULTAN,GIDA
473234.0,E,1.5,50, F SAFF,DETERJAN TEMİZLİK
188792.0,K,0.3,146,ÜLKER,İÇECEK
188792.0,K,0.3,146,ÜLKER,İÇECEK
721815.0,E,2.15,323,DOVE,KOZMETİK
765526.0,K,2.2,49, F NEFFİS,İÇECEK
180100.0,K,2.15,130,SEK,SÜT KAHVALTILIK
180100.0,K,2.15,130,SEK,SÜT KAHVALTILIK
765526.0,K,1.85,361,BİLLUR,GIDA
765526.0,K,2.15,118,PINAR,ET TAVUK
765526.0,K,2.15,118,PINAR,ET TAVUK
765526.0,K,2.15,118,PINAR,ET TAVUK
102886.0,E,0.5,49, F NEFFİS,İÇECEK
102886.0,E,3.0,,,GIDA
304928.0,E,21.75,372,TARİŞ,GIDA
304928.0,E,5.25,44,ETİ,GIDA
966076.0,K,0.5,44,ETİ,GIDA
966076.0,K,0.5,44,ETİ,GIDA
966076.0,K,0.5,44,ETİ,GIDA
637548.0,E,2.95,366,CARTE DOR ,GIDA
637548.0,E,1.5,30,COCO COLA,İÇECEK
49345.0,K,0.99,146,ÜLKER,GIDA
842888.0,E,9.5,118,PINAR,ET TAVUK
218197.0,E,1.5,134,SULTAN,GIDA
49345.0,K,2.45,30,COCO COLA,İÇECEK
,,0.55,130,SEK,İÇECEK
831109.0,E,14.6,356,GÜRALLAR,EV
49345.0,K,2.15,118,PINAR,ET TAVUK
49345.0,K,1.0,146,ÜLKER,GIDA
49345.0,K,2.5,146,ÜLKER,GIDA
49345.0,K,2.98,,,SÜT KAHVALTILIK
702436.0,K,8.85,178,CILLITBANG,DETERJAN TEMİZLİK
329390.0,E,0.5,146,ÜLKER,GIDA
329390.0,E,1.95,146,ÜLKER,GIDA
329390.0,E,1.75,44,ETİ,GIDA
329390.0,E,1.95,146,ÜLKER,GIDA
329390.0,E,1.69,49, F NEFFİS,SÜT KAHVALTILIK
515580.0,K,0.7,43,ERİKLİ,İÇECEK
565551.0,K,9.56,118,PINAR,SÜT KAHVALTILIK
1012719.0,K,0.25,146,ÜLKER,GIDA
858828.0,E,0.3,146,ÜLKER,İÇECEK
371067.0,E,1.75,,,GIDA
858828.0,E,1.0,44,ETİ,GIDA
,,4.75,146,ÜLKER,GIDA
395764.0,K,0.5,146,ÜLKER,GIDA
188792.0,K,1.95,118,PINAR,İÇECEK
776674.0,K,2.0,146,ÜLKER,GIDA
,,1.15,154,TADELLE,GIDA
371590.0,E,3.87,A25,HAL,MEYVE SEBZE
,,1.15,154,TADELLE,GIDA
,,1.15,154,TADELLE,GIDA
264924.0,E,1.8,,,GIDA
264924.0,E,2.2,49, F NEFFİS,İÇECEK
,,1.5,44,ETİ,GIDA
,,1.25,44,ETİ,GIDA
,,0.75,44,ETİ,GIDA
,,0.75,44,ETİ,GIDA
599939.0,E,3.19,30,COCO COLA,İÇECEK
133159.0,K,5.45,112,PALMOLIVE,KOZMETİK
415717.0,K,1.0,44,ETİ,GIDA
415717.0,K,1.0,44,ETİ,GIDA
785585.0,E,1.8,,,GIDA
349094.0,K,2.15,323,DOVE,KOZMETİK
1062086.0,E,2.9,260,KİNDER,GIDA
849297.0,E,2.0,146,ÜLKER,GIDA
426555.0,K,1.0,146,ÜLKER,GIDA
765526.0,K,3.95,44,ETİ,GIDA
765526.0,K,2.7,,,GIDA
426555.0,K,2.75,146,ÜLKER,GIDA
285180.0,K,1.0,146,ÜLKER,GIDA
404226.0,K,0.95,81,KNORR,GIDA
404226.0,K,0.95,81,KNORR,GIDA
404226.0,K,1.75,,,GIDA
404226.0,K,0.9,,,GIDA
765526.0,K,3.75,320,CİF,DETERJAN TEMİZLİK
787920.0,K,1.0,146,ÜLKER,GIDA
721903.0,K,1.75,,,GIDA
421635.0,E,0.35,118,PINAR,İÇECEK
421635.0,E,0.35,118,PINAR,İÇECEK
421635.0,E,3.0,155,FANTA,İÇECEK
797456.0,K,1.95,146,ÜLKER,GIDA
797456.0,K,1.5,146,ÜLKER,GIDA
421635.0,E,9.0,372,TARİŞ,GIDA
797456.0,K,4.9,118,PINAR,ET TAVUK
714290.0,E,3.95,245,COLGATE,KOZMETİK
268961.0,E,1.0,44,ETİ,GIDA
989951.0,K,4.65,355,ART CRAF,EV
989951.0,K,4.65,355,ART CRAF,EV
989951.0,K,2.3,150,YAREN,EV
797456.0,K,4.0,118,PINAR,ET TAVUK
538808.0,E,3.95,146,ÜLKER,GIDA
538808.0,E,3.95,146,ÜLKER,GIDA
538808.0,E,1.69,49, F NEFFİS,SÜT KAHVALTILIK
538808.0,E,2.0,146,ÜLKER,GIDA
221807.0,K,1.0,44,ETİ,GIDA
313096.0,K,2.45,30,COCO COLA,İÇECEK
79483.0,K,1.95,146,ÜLKER,GIDA
538808.0,E,2.0,146,ÜLKER,GIDA
589916.0,E,1.2,118,PINAR,İÇECEK
60850.0,K,0.5,44,ETİ,GIDA
79483.0,K,16.25,150,YAREN,EV
919703.0,E,2.39,67,İÇİM SEHER,SÜT KAHVALTILIK
20554.0,E,1.1,49, F NEFFİS,İÇECEK
1031689.0,K,0.9,,,GIDA
1031689.0,K,0.9,,,GIDA
821259.0,E,0.5,118,PINAR,İÇECEK
1073153.0,K,1.0,146,ÜLKER,GIDA
1073153.0,K,1.0,146,ÜLKER,GIDA
263792.0,E,2.15,118,PINAR,ET TAVUK
263792.0,E,6.74,,,SÜT KAHVALTILIK
334.0,E,2.2,49, F NEFFİS,İÇECEK
1092965.0,K,3.45,189,DURU,KOZMETİK
818120.0,E,0.5,49, F NEFFİS,İÇECEK
334.0,E,0.9,,,GIDA
1092965.0,K,4.78,118,PINAR,SÜT KAHVALTILIK
141643.0,K,3.3,271,IŞIL,GIDA
343407.0,K,1.8,,,GIDA
,,2.99,58,H.ŞAKİR,KOZMETİK
,,6.35,299,SENPİLİÇ,ET TAVUK
507580.0,K,10.63,299,SENPİLİÇ,ET TAVUK
507580.0,K,6.11,299,SENPİLİÇ,ET TAVUK
423396.0,K,1.99,50, F SAFF,DETERJAN TEMİZLİK
627867.0,K,23.95,151,YÖRSAN,SÜT KAHVALTILIK
423396.0,K,0.99,146,ÜLKER,KOZMETİK
,,6.9,232,KEBİR,SÜT KAHVALTILIK
496650.0,K,1.9,301,FİRST,GIDA
627867.0,K,5.4,,,İÇECEK
423396.0,K,5.65,224,BİNGO,DETERJAN TEMİZLİK
601560.0,E,5.4,,,İÇECEK
472384.0,K,11.95,232,KEBİR,SÜT KAHVALTILIK
1018960.0,K,4.9,153,DERYA,SÜT KAHVALTILIK
256619.0,K,3.35,130,SEK,SÜT KAHVALTILIK
708035.0,K,1.75,124,REİS,GIDA
708035.0,K,0.45,300,FALIM,GIDA
708035.0,K,11.95,299,SENPİLİÇ,ET TAVUK
708035.0,K,12.95,137,SÜTAŞ,SÜT KAHVALTILIK
708035.0,K,0.45,300,FALIM,GIDA
708035.0,K,5.95,137,SÜTAŞ,SÜT KAHVALTILIK
539619.0,E,1.25,139,TADIM,GIDA
862565.0,E,0.99,146,ÜLKER,KOZMETİK
862565.0,E,2.35,334,BECEL,SÜT KAHVALTILIK
748002.0,K,0.66,346,SİHİRLİ ELLER,GIDA
80492.0,K,0.45,300,FALIM,GIDA
80492.0,K,5.4,,,İÇECEK
46194.0,E,0.8,393,BIGBABOL,GIDA
46194.0,E,0.8,393,BIGBABOL,GIDA
46194.0,E,0.8,393,BIGBABOL,GIDA
183328.0,E,2.25,139,TADIM,GIDA
183328.0,E,1.25,139,TADIM,GIDA
80492.0,K,1.65,146,ÜLKER,SÜT KAHVALTILIK
80492.0,K,1.65,146,ÜLKER,SÜT KAHVALTILIK
770081.0,E,0.99,59,HALK,BEBEK
612740.0,K,0.95,137,SÜTAŞ,SÜT KAHVALTILIK
183328.0,E,2.0,139,TADIM,GIDA
9030.0,K,9.5,153,DERYA,SÜT KAHVALTILIK
1304.0,K,4.95,145,UNO,GIDA
1304.0,K,0.25,44,ETİ,GIDA
389152.0,K,2.5,54,FRİTO,GIDA
936542.0,E,2.97,167,BAKLİYAT,GIDA
678396.0,K,2.35,167,BAKLİYAT,GIDA
1006633.0,K,4.24,118,PINAR,ET TAVUK
453132.0,E,5.93,,,SÜT KAHVALTILIK
,,5.5,192,DAVIDOF,SİGARA
1040325.0,K,1.25,50, F SAFF,KAĞIT
148197.0,E,2.73,A25,HAL,MEYVE SEBZE
978463.0,K,2.9,40,DR.OETKER,GIDA
844802.0,E,6.0,199,B.A.T TEKEL,SİGARA
1040325.0,K,5.99,118,PINAR,SÜT KAHVALTILIK
1053767.0,K,1.04,A25,HAL,MEYVE SEBZE
428149.0,K,5.82,A25,HAL,MEYVE SEBZE
356.0,E,2.92,A25,HAL,MEYVE SEBZE
844802.0,E,10.43,,,SÜT KAHVALTILIK
1040325.0,K,1.25,40,DR.OETKER,GIDA
1040325.0,K,0.5,A25,HAL,MEYVE SEBZE
1040325.0,K,1.0,44,ETİ,GIDA
1040325.0,K,1.0,44,ETİ,GIDA
148197.0,E,2.1,A25,HAL,MEYVE SEBZE
148197.0,E,2.85,A25,HAL,MEYVE SEBZE
1633.0,K,0.9,,,GIDA
1633.0,K,2.99,58,H.ŞAKİR,KOZMETİK
1633.0,K,3.95,58,H.ŞAKİR,KOZMETİK
1633.0,K,2.15,130,SEK,SÜT KAHVALTILIK
833365.0,E,3.6,,,GIDA
152779.0,K,0.9,67,İÇİM SEHER,SÜT KAHVALTILIK
959672.0,K,1.65,,,
393995.0,K,0.25,146,ÜLKER,GIDA
979221.0,K,5.45,172,BURDAN,SÜT KAHVALTILIK
1037865.0,E,0.65,159,PİKNİK,EV
887530.0,E,3.16,A25,HAL,MEYVE SEBZE
410674.0,E,2.99,105,ORKİD,KAĞIT
354061.0,E,6.0,163,JTİ,SİGARA
354061.0,E,26.39,235,KASAP,ET TAVUK
354061.0,E,12.0,235,KASAP,ET TAVUK
354061.0,E,4.85,341,YAHYAOĞLU,SÜT KAHVALTILIK
901479.0,K,2.74,A25,HAL,MEYVE SEBZE
901479.0,K,0.33,A25,HAL,MEYVE SEBZE
901479.0,K,1.42,A25,HAL,MEYVE SEBZE
901479.0,K,1.09,A25,HAL,MEYVE SEBZE
94370.0,K,1.0,44,ETİ,GIDA
901479.0,K,0.31,A25,HAL,MEYVE SEBZE
901479.0,K,0.68,A25,HAL,MEYVE SEBZE
480833.0,K,1.75,260,KİNDER,GIDA
354061.0,E,2.95,50, F SAFF,KAĞIT
912341.0,K,2.0,146,ÜLKER,GIDA
912341.0,K,2.0,146,ÜLKER,GIDA
912341.0,K,4.75,146,ÜLKER,GIDA
912341.0,K,2.95,146,ÜLKER,GIDA
912341.0,K,2.95,146,ÜLKER,GIDA
1043006.0,K,0.5,146,ÜLKER,GIDA
1043006.0,K,0.5,146,ÜLKER,GIDA
280236.0,K,0.25,44,ETİ,GIDA
280236.0,K,0.9,,,GIDA
1043006.0,K,1.69,49, F NEFFİS,SÜT KAHVALTILIK
1044143.0,K,0.75,146,ÜLKER,GIDA
1044143.0,K,1.0,44,ETİ,GIDA
1044143.0,K,0.3,146,ÜLKER,İÇECEK
,,7.17,,,ET TAVUK
91571.0,E,0.35,43,ERİKLİ,İÇECEK
1044143.0,K,1.0,44,ETİ,GIDA
1044143.0,K,0.9,,,GIDA
1043006.0,K,1.75,146,ÜLKER,İÇECEK
1044143.0,K,1.0,44,ETİ,GIDA
690717.0,E,2.55,137,SÜTAŞ,İÇECEK
393995.0,K,0.25,146,ÜLKER,GIDA
690717.0,E,6.0,44,ETİ,GIDA
1095767.0,K,1.75,,,GIDA
140.0,K,0.5,146,ÜLKER,GIDA
140.0,K,0.5,146,ÜLKER,GIDA
991280.0,K,1.65,108,ÖZTEMİZEL,GIDA
847612.0,K,0.99,146,ÜLKER,GIDA
937226.0,E,0.3,146,ÜLKER,İÇECEK
770903.0,E,1.85,44,ETİ,GIDA
26157.0,E,1.9,44,ETİ,GIDA
770903.0,E,2.6,67,İÇİM SEHER,SÜT KAHVALTILIK
335692.0,E,1.35,118,PINAR,SÜT KAHVALTILIK
875746.0,K,0.5,44,ETİ,GIDA
288238.0,K,3.19,30,COCO COLA,İÇECEK
847612.0,K,1.65,108,ÖZTEMİZEL,GIDA
875746.0,K,0.5,44,ETİ,GIDA
847612.0,K,3.0,28,CAPPY,İÇECEK
918969.0,E,3.75,320,CİF,DETERJAN TEMİZLİK
918969.0,E,2.6,50, F SAFF,DETERJAN TEMİZLİK
918969.0,E,0.35,43,ERİKLİ,İÇECEK
676575.0,K,0.25,44,ETİ,GIDA
676575.0,K,0.25,44,ETİ,GIDA
676575.0,K,6.0,44,ETİ,GIDA
676575.0,K,0.2,44,ETİ,GIDA
538851.0,K,2.99,58,H.ŞAKİR,KOZMETİK
937.0,K,1.3,49, F NEFFİS,İÇECEK
538851.0,K,0.35,118,PINAR,İÇECEK
999263.0,K,1.85,44,ETİ,GIDA
964290.0,K,0.35,43,ERİKLİ,İÇECEK
748360.0,E,0.5,44,ETİ,GIDA
748360.0,E,0.5,44,ETİ,GIDA
136130.0,K,3.95,146,ÜLKER,GIDA
964290.0,K,0.7,43,ERİKLİ,İÇECEK
748360.0,E,0.5,44,ETİ,GIDA
748360.0,E,0.5,44,ETİ,GIDA
892818.0,E,0.75,127,SARELLE,GIDA
892818.0,E,0.75,127,SARELLE,GIDA
136130.0,K,1.0,146,ÜLKER,GIDA
136130.0,K,1.0,146,ÜLKER,GIDA
471387.0,K,0.9,,,GIDA
1020990.0,E,1.0,23,BURÇ,İÇECEK
1020990.0,E,1.69,49, F NEFFİS,SÜT KAHVALTILIK
883535.0,K,1.44,A25,HAL,MEYVE SEBZE
883535.0,K,1.11,A25,HAL,MEYVE SEBZE
6539.0,K,8.9,208,PRİL,DETERJAN TEMİZLİK
1100492.0,K,0.4,227,PAPİA,KAĞIT
913228.0,E,2.24,A25,HAL,MEYVE SEBZE
554666.0,E,0.6,144,ULUDAĞ,İÇECEK
913228.0,E,4.6,205,EMEK YAĞ,GIDA
26225.0,K,2.0,134,SULTAN,GIDA
969467.0,K,1.25,44,ETİ,GIDA
883535.0,K,1.39,158,TILLO,EV
883535.0,K,1.39,158,TILLO,EV
913228.0,E,1.71,A25,HAL,MEYVE SEBZE
913228.0,E,1.8,A25,HAL,MEYVE SEBZE
464599.0,K,4.95,228,TENO,KAĞIT
587937.0,K,4.45,172,BURDAN,SÜT KAHVALTILIK
59319.0,K,1.0,204,ŞÖLEN,GIDA
996453.0,E,6.0,199,B.A.T TEKEL,SİGARA
587937.0,K,8.0,163,JTİ,SİGARA
995353.0,K,3.0,,,GIDA
995353.0,K,1.69,49, F NEFFİS,SÜT KAHVALTILIK
995353.0,K,1.69,49, F NEFFİS,SÜT KAHVALTILIK
995353.0,K,1.69,49, F NEFFİS,SÜT KAHVALTILIK
138711.0,K,1.25,146,ÜLKER,GIDA
1077027.0,E,1.75,,,GIDA
988825.0,K,1.0,59,HALK,GIDA
1100408.0,K,1.5,30,COCO COLA,İÇECEK
988825.0,K,1.0,59,HALK,GIDA
360017.0,K,4.0,44,ETİ,GIDA
488322.0,E,0.77,A25,HAL,MEYVE SEBZE
883535.0,K,1.5,A25,HAL,MEYVE SEBZE
1100492.0,K,9.5,341,YAHYAOĞLU,SÜT KAHVALTILIK
,,3.81,A25,HAL,MEYVE SEBZE
336765.0,K,1.5,52,FİLİZ,GIDA
644116.0,K,1.09,A25,HAL,MEYVE SEBZE
336765.0,K,0.85,77,KARTAL,GIDA
336765.0,K,0.85,77,KARTAL,GIDA
336765.0,K,1.25,52,FİLİZ,GIDA
336765.0,K,1.75,40,DR.OETKER,GIDA
354061.0,E,0.79,219,SERVİS,KAĞIT
687497.0,E,4.2,,,
336765.0,K,0.7,,,
336765.0,K,0.7,,,
336765.0,K,1.0,81,KNORR,GIDA
18107.0,K,2.35,172,BURDAN,SÜT KAHVALTILIK
737189.0,E,14.95,83,KOSKA,SÜT KAHVALTILIK
942555.0,E,21.9,205,EMEK YAĞ,GIDA
81808.0,E,1.0,67,İÇİM SEHER,GIDA
257988.0,E,1.32,A25,HAL,MEYVE SEBZE
257988.0,E,2.64,A25,HAL,MEYVE SEBZE
289485.0,K,1.5,,,
737189.0,E,0.95,31,COOK,EV
1023491.0,K,1.1,A25,HAL,MEYVE SEBZE
1065858.0,E,1.0,230,FİDANLAR BAHARAT,GIDA
987670.0,K,1.69,74,KAR,GIDA
262276.0,K,5.92,167,BAKLİYAT,GIDA
948847.0,K,3.5,97,NESTLE,İÇECEK
948847.0,K,2.99,153,DERYA,SÜT KAHVALTILIK
437294.0,E,1.44,167,BAKLİYAT,GIDA
437294.0,E,1.81,167,BAKLİYAT,GIDA
719857.0,K,3.9,67,İÇİM SEHER,SÜT KAHVALTILIK
262276.0,K,3.0,160,ERNET,DETERJAN TEMİZLİK
462358.0,K,2.0,54,FRİTO,GIDA
260689.0,E,12.95,321,CLEAR,KOZMETİK
762487.0,E,8.45,8,ARMONİ ,GIDA
762487.0,E,13.5,49, F NEFFİS,GIDA
9030.0,K,9.25,153,DERYA,SÜT KAHVALTILIK
745589.0,K,9.5,217,NİVEA,KOZMETİK
762487.0,E,5.93,299,SENPİLİÇ,ET TAVUK
721815.0,E,10.0,152,YUDUM,GIDA
765526.0,K,14.25,32,ÇAYKUR,İÇECEK
765526.0,K,1.1,146,ÜLKER,GIDA
434247.0,E,1.7,159,PİKNİK,EV
765526.0,K,2.65,32,ÇAYKUR,İÇECEK
765526.0,K,1.25,40,DR.OETKER,GIDA
765526.0,K,1.75,40,DR.OETKER,GIDA
817717.0,E,5.29,363,BEŞLER,ET TAVUK
765526.0,K,0.99,5,ARBELLA,GIDA
765526.0,K,11.47,,,SÜT KAHVALTILIK
765526.0,K,9.9,61,HEKİMOĞLU,GIDA
473234.0,E,1.99,224,BİNGO,DETERJAN TEMİZLİK
849297.0,E,4.38,A25,HAL,MEYVE SEBZE
765526.0,K,13.85,A25,HAL,MEYVE SEBZE
849297.0,E,1.77,A25,HAL,MEYVE SEBZE
765526.0,K,1.1,255,ANKARA,GIDA
765526.0,K,2.88,A25,HAL,MEYVE SEBZE
285180.0,K,0.5,146,ÜLKER,GIDA
765526.0,K,10.49,172,BURDAN,SÜT KAHVALTILIK
426555.0,K,1.0,146,ÜLKER,GIDA
765526.0,K,3.95,67,İÇİM SEHER,SÜT KAHVALTILIK
426555.0,K,1.0,146,ÜLKER,GIDA
218072.0,K,0.55,144,ULUDAĞ,İÇECEK
765526.0,K,13.9,228,TENO,KAĞIT
421635.0,E,2.66,A25,HAL,MEYVE SEBZE
421635.0,E,3.67,A25,HAL,MEYVE SEBZE
473628.0,E,3.11,A25,HAL,MEYVE SEBZE
421635.0,E,4.99,A25,HAL,MEYVE SEBZE
421635.0,E,2.78,A25,HAL,MEYVE SEBZE
456864.0,E,12.0,173,PHILIP MORIS,SİGARA
421635.0,E,2.65,32,ÇAYKUR,İÇECEK
421635.0,E,1.0,146,ÜLKER,GIDA
421635.0,E,1.75,146,ÜLKER,GIDA
721903.0,K,6.12,235,KASAP,ET TAVUK
721903.0,K,1.3,A25,HAL,MEYVE SEBZE
913228.0,E,1.1,A25,HAL,MEYVE SEBZE
26327.0,K,10.9,305,PANTANE,KOZMETİK
721903.0,K,2.75,A09,DURU BAKLIYAT,GIDA
920167.0,K,1.5,52,FİLİZ,GIDA
716443.0,E,1.0,204,ŞÖLEN,GIDA
716443.0,E,1.0,204,ŞÖLEN,GIDA
142190.0,E,6.5,173,PHILIP MORIS,SİGARA
716443.0,E,0.99,5,ARBELLA,GIDA
313096.0,K,0.62,A25,HAL,MEYVE SEBZE
714290.0,E,2.25,A25,HAL,MEYVE SEBZE
787920.0,K,3.0,,,GIDA
1035808.0,E,8.0,163,JTİ,SİGARA
739418.0,E,6.5,173,PHILIP MORIS,SİGARA
739418.0,E,3.02,A25,HAL,MEYVE SEBZE
797456.0,K,4.35,118,PINAR,ET TAVUK
313096.0,K,1.45,154,TADELLE,GIDA
787920.0,K,20.14,235,KASAP,ET TAVUK
714290.0,E,7.98,235,KASAP,ET TAVUK
283138.0,E,19.86,235,KASAP,ET TAVUK
421635.0,E,0.79,219,SERVİS,KAĞIT
421635.0,E,0.79,219,SERVİS,KAĞIT
538808.0,E,1.5,40,DR.OETKER,GIDA
969713.0,K,1.35,237,BEBELAC,BEBEK
969713.0,K,1.35,237,BEBELAC,BEBEK
446584.0,K,2.35,172,BURDAN,SÜT KAHVALTILIK
722362.0,K,3.83,A25,HAL,MEYVE SEBZE
722362.0,K,2.0,A25,HAL,MEYVE SEBZE
722362.0,K,0.5,A25,HAL,MEYVE SEBZE
722362.0,K,1.83,A25,HAL,MEYVE SEBZE
722362.0,K,2.3,A25,HAL,MEYVE SEBZE
722362.0,K,10.72,A25,HAL,MEYVE SEBZE
722362.0,K,3.47,A25,HAL,MEYVE SEBZE
969713.0,K,0.84,A25,HAL,MEYVE SEBZE
722362.0,K,5.14,A25,HAL,MEYVE SEBZE
918963.0,E,1.43,167,BAKLİYAT,GIDA
119245.0,K,3.5,97,NESTLE,İÇECEK
119245.0,K,11.95,67,İÇİM SEHER,SÜT KAHVALTILIK
119245.0,K,15.9,56,GLADE,DETERJAN TEMİZLİK
520176.0,K,3.95,230,FİDANLAR BAHARAT,GIDA
497335.0,K,2.0,230,FİDANLAR BAHARAT,GIDA
497335.0,K,4.45,283,STİL,DETERJAN TEMİZLİK
584769.0,K,6.6,169,KEMAL KÜKRER,GIDA
584769.0,K,1.65,169,KEMAL KÜKRER,GIDA
584769.0,K,1.65,169,KEMAL KÜKRER,GIDA
622804.0,E,8.95,244,ELSEVE,KOZMETİK
224479.0,K,4.25,A15,EGE UNLU,GIDA
622804.0,E,9.25,313,HEAD&SHOULDERS,KOZMETİK
900349.0,K,18.75,146,ÜLKER,BEBEK
900349.0,K,1.85,7,ARI,BEBEK
900349.0,K,1.85,7,ARI,BEBEK
351249.0,K,2.99,146,ÜLKER,BEBEK
56156.0,E,3.65,283,STİL,DETERJAN TEMİZLİK
373495.0,K,2.25,331,SİGNAL,KOZMETİK
1056469.0,K,8.5,383,ARKO,KOZMETİK
,,0.35,97,NESTLE,İÇECEK
,,0.35,97,NESTLE,İÇECEK
936858.0,E,3.45,141,TAT,GIDA
936858.0,E,2.52,167,BAKLİYAT,GIDA
936858.0,E,3.22,167,BAKLİYAT,GIDA
,,0.35,97,NESTLE,İÇECEK
,,2.75,97,NESTLE,İÇECEK
1099089.0,E,9.0,167,BAKLİYAT,GIDA
936858.0,E,6.32,153,DERYA,SÜT KAHVALTILIK
479192.0,E,1.44,167,BAKLİYAT,GIDA
732725.0,K,5.0,146,ÜLKER,İÇECEK
732725.0,K,2.0,146,ÜLKER,İÇECEK
303613.0,K,10.25,137,SÜTAŞ,SÜT KAHVALTILIK
,,8.9,245,COLGATE,KOZMETİK
,,14.75,97,NESTLE,İÇECEK
512919.0,K,2.25,283,STİL,DETERJAN TEMİZLİK
,,17.95,91,MEHTAP,EV
,,2.5,54,FRİTO,GIDA
13831.0,K,4.5,11,BAĞDAT,GIDA
,,3.95,167,BAKLİYAT,GIDA
118582.0,K,2.95,58,H.ŞAKİR,KOZMETİK
118582.0,K,2.95,58,H.ŞAKİR,KOZMETİK
1062086.0,E,8.95,107,ÖNCÜ,GIDA
512919.0,K,11.5,56,GLADE,DETERJAN TEMİZLİK
813633.0,E,0.95,118,PINAR,SÜT KAHVALTILIK
347692.0,K,2.5,71,JACOPS,İÇECEK
141712.0,E,0.35,146,ÜLKER,İÇECEK
,,0.8,A25,HAL,MEYVE SEBZE
656883.0,K,4.21,A25,HAL,MEYVE SEBZE
77285.0,E,1.28,A25,HAL,MEYVE SEBZE
656883.0,K,10.15,235,KASAP,ET TAVUK
,,4.35,172,BURDAN,SÜT KAHVALTILIK
656883.0,K,2.4,19,BEYPAZARI,İÇECEK
796717.0,E,0.5,146,ÜLKER,GIDA
761612.0,K,1.9,354,PAŞAKÖY,SÜT KAHVALTILIK
175903.0,E,1.35,219,SERVİS,KAĞIT
608667.0,E,4.95,215,SELPAK,KAĞIT
1066185.0,K,12.9,39,DOĞUŞ,İÇECEK
608667.0,E,8.95,88,LİPTON,İÇECEK
,,1.19,,,
608667.0,E,6.45,,,
608667.0,E,1.0,44,ETİ,GIDA
608667.0,E,1.0,44,ETİ,GIDA
608667.0,E,8.95,88,LİPTON,İÇECEK
608667.0,E,8.95,88,LİPTON,İÇECEK
608667.0,E,1.95,40,DR.OETKER,GIDA
608667.0,E,1.95,40,DR.OETKER,GIDA
684930.0,E,2.27,A25,HAL,MEYVE SEBZE
608667.0,E,3.45,222,SC.BRİTE,DETERJAN TEMİZLİK
1031309.0,K,3.25,118,PINAR,GIDA
684930.0,E,2.39,A25,HAL,MEYVE SEBZE
684930.0,E,0.5,A25,HAL,MEYVE SEBZE
684930.0,E,0.36,A25,HAL,MEYVE SEBZE
1031309.0,K,1.25,52,FİLİZ,GIDA
236516.0,E,2.0,146,ÜLKER,GIDA
1031309.0,K,20.95,205,EMEK YAĞ,GIDA
761612.0,K,2.99,105,ORKİD,KAĞIT
628192.0,E,2.4,97,NESTLE,GIDA
234374.0,E,1.95,,,EV
1031309.0,K,1.25,52,FİLİZ,GIDA
8943.0,E,2.1,2,AKDEM,İÇECEK
913228.0,E,3.7,A25,HAL,MEYVE SEBZE
8943.0,E,2.47,A25,HAL,MEYVE SEBZE
8943.0,E,0.52,A25,HAL,MEYVE SEBZE
464599.0,K,2.35,A25,HAL,MEYVE SEBZE
464599.0,K,0.79,A25,HAL,MEYVE SEBZE
464599.0,K,0.75,A25,HAL,MEYVE SEBZE
464599.0,K,3.44,A25,HAL,MEYVE SEBZE
464599.0,K,0.71,A25,HAL,MEYVE SEBZE
8943.0,E,0.51,A25,HAL,MEYVE SEBZE
722362.0,K,3.0,A25,HAL,MEYVE SEBZE
722362.0,K,1.82,A25,HAL,MEYVE SEBZE
722362.0,K,2.8,A25,HAL,MEYVE SEBZE
969713.0,K,1.26,A25,HAL,MEYVE SEBZE
706584.0,K,2.2,A25,HAL,MEYVE SEBZE
15921.0,E,2.79,50, F SAFF,DETERJAN TEMİZLİK
580335.0,K,1.7,A25,HAL,MEYVE SEBZE
580335.0,K,1.74,A25,HAL,MEYVE SEBZE
706584.0,K,0.8,A25,HAL,MEYVE SEBZE
706584.0,K,3.57,A25,HAL,MEYVE SEBZE
706584.0,K,2.5,A25,HAL,MEYVE SEBZE
706584.0,K,1.17,A25,HAL,MEYVE SEBZE
706584.0,K,2.12,A25,HAL,MEYVE SEBZE
69861.0,E,5.56,A25,HAL,MEYVE SEBZE
69861.0,E,4.87,A25,HAL,MEYVE SEBZE
706584.0,K,4.34,99,NOGAY,SÜT KAHVALTILIK
969713.0,K,6.5,173,PHILIP MORIS,SİGARA
706584.0,K,3.0,,,GIDA
969713.0,K,2.25,228,TENO,KAĞIT
580335.0,K,3.25,A25,HAL,MEYVE SEBZE
706584.0,K,3.22,A25,HAL,MEYVE SEBZE
706584.0,K,1.0,A25,HAL,MEYVE SEBZE
706584.0,K,0.75,A25,HAL,MEYVE SEBZE
69861.0,E,9.05,A25,HAL,MEYVE SEBZE
612662.0,E,2.65,A25,HAL,MEYVE SEBZE
612662.0,E,1.5,A25,HAL,MEYVE SEBZE
706584.0,K,20.65,235,KASAP,ET TAVUK
706584.0,K,2.85,137,SÜTAŞ,SÜT KAHVALTILIK
706584.0,K,1.35,254,OYALI,SÜT KAHVALTILIK
969713.0,K,3.95,67,İÇİM SEHER,SÜT KAHVALTILIK
26331.0,E,18.9,49, F NEFFİS,GIDA
706584.0,K,7.5,262,MARET,ET TAVUK
27016.0,K,4.85,363,BEŞLER,ET TAVUK
766759.0,E,0.6,144,ULUDAĞ,İÇECEK
670262.0,K,6.5,199,B.A.T TEKEL,SİGARA
201910.0,K,6.95,32,ÇAYKUR,İÇECEK
26331.0,E,14.25,32,ÇAYKUR,İÇECEK
969713.0,K,2.65,25,CANBEBE,KAĞIT
26331.0,E,7.5,52,FİLİZ,GIDA
26331.0,E,4.4,255,ANKARA,GIDA
26331.0,E,2.5,A25,HAL,MEYVE SEBZE
26331.0,E,10.39,A25,HAL,MEYVE SEBZE
964826.0,K,1.26,A25,HAL,MEYVE SEBZE
26331.0,E,2.74,A25,HAL,MEYVE SEBZE
26331.0,E,5.32,A25,HAL,MEYVE SEBZE
26331.0,E,2.35,,,SÜT KAHVALTILIK
964826.0,K,4.5,166,HUNCA,KOZMETİK
507006.0,E,3.48,A25,HAL,MEYVE SEBZE
105520.0,K,2.25,216,SOLO,KAĞIT
27016.0,K,4.25,354,PAŞAKÖY,SÜT KAHVALTILIK
26331.0,E,5.95,146,ÜLKER,SÜT KAHVALTILIK
26331.0,E,24.58,99,NOGAY,SÜT KAHVALTILIK
26331.0,E,4.85,363,BEŞLER,ET TAVUK
562323.0,E,12.0,173,PHILIP MORIS,SİGARA
865936.0,E,19.0,173,PHILIP MORIS,SİGARA
869068.0,K,3.45,118,PINAR,ET TAVUK
105520.0,K,4.45,88,LİPTON,İÇECEK
676354.0,K,2.3,50, F SAFF,DETERJAN TEMİZLİK
,,4.99,A25,HAL,MEYVE SEBZE
971391.0,E,3.9,A25,HAL,MEYVE SEBZE
451180.0,E,1.46,A25,HAL,MEYVE SEBZE
451180.0,E,2.75,A25,HAL,MEYVE SEBZE
676354.0,K,5.99,118,PINAR,SÜT KAHVALTILIK
971391.0,E,2.24,A25,HAL,MEYVE SEBZE
451180.0,E,3.5,A25,HAL,MEYVE SEBZE
747779.0,E,2.15,130,SEK,SÜT KAHVALTILIK
971391.0,E,12.0,163,JTİ,SİGARA
15921.0,E,8.9,299,SENPİLİÇ,ET TAVUK
81808.0,E,6.95,212,EKİCİ,SÜT KAHVALTILIK
712152.0,E,4.5,25,CANBEBE,BEBEK
1023491.0,K,5.6,,,İÇECEK
851504.0,E,2.1,144,ULUDAĞ,İÇECEK
722362.0,K,5.8,49, F NEFFİS,GIDA
722362.0,K,5.8,49, F NEFFİS,GIDA
706584.0,K,1.35,257,BERRAK,GIDA
706584.0,K,10.9,118,PINAR,SÜT KAHVALTILIK
766759.0,E,0.45,300,FALIM,GIDA
554666.0,E,0.6,144,ULUDAĞ,İÇECEK
464599.0,K,0.95,146,ÜLKER,GIDA
464599.0,K,0.95,146,ÜLKER,GIDA
464599.0,K,4.45,172,BURDAN,SÜT KAHVALTILIK
464599.0,K,1.13,A25,HAL,MEYVE SEBZE
913228.0,E,4.47,A25,HAL,MEYVE SEBZE
913228.0,E,1.02,A25,HAL,MEYVE SEBZE
913228.0,E,1.3,A25,HAL,MEYVE SEBZE
313944.0,K,1.0,44,ETİ,GIDA
58781.0,K,9.83,,,BEBEK
122209.0,K,6.75,195,NOSTALJİ,EV
26638.0,K,4.95,172,BURDAN,SÜT KAHVALTILIK
844802.0,E,5.42,A25,HAL,MEYVE SEBZE
428149.0,K,3.32,A25,HAL,MEYVE SEBZE
1053767.0,K,2.11,A25,HAL,MEYVE SEBZE
,,1.1,,,
285681.0,K,1.03,A25,HAL,MEYVE SEBZE
804691.0,K,16.0,173,PHILIP MORIS,SİGARA
285681.0,K,2.45,A25,HAL,MEYVE SEBZE
,,1.0,146,ÜLKER,GIDA
122209.0,K,3.0,,,GIDA
122209.0,K,0.45,144,ULUDAĞ,İÇECEK
122209.0,K,0.45,144,ULUDAĞ,İÇECEK
,,6.5,173,PHILIP MORIS,SİGARA
285681.0,K,4.95,A25,HAL,MEYVE SEBZE
285681.0,K,0.8,A25,HAL,MEYVE SEBZE
143368.0,K,15.48,235,KASAP,ET TAVUK
31412.0,E,0.79,219,SERVİS,KAĞIT
184538.0,K,1.8,230,FİDANLAR BAHARAT,GIDA
184538.0,K,1.4,230,FİDANLAR BAHARAT,GIDA
261481.0,E,0.9,130,SEK,SÜT KAHVALTILIK
1082290.0,K,2.46,167,BAKLİYAT,GIDA
227474.0,E,3.95,167,BAKLİYAT,GIDA
628192.0,E,0.8,A25,HAL,MEYVE SEBZE
684930.0,E,20.78,235,KASAP,ET TAVUK
628192.0,E,2.75,137,SÜTAŞ,SÜT KAHVALTILIK
911167.0,K,10.83,235,KASAP,ET TAVUK
236516.0,E,0.5,A25,HAL,MEYVE SEBZE
236516.0,E,0.5,A25,HAL,MEYVE SEBZE
236516.0,E,0.5,A25,HAL,MEYVE SEBZE
236516.0,E,2.05,A25,HAL,MEYVE SEBZE
911167.0,K,4.35,172,BURDAN,SÜT KAHVALTILIK
628192.0,E,4.45,172,BURDAN,SÜT KAHVALTILIK
628192.0,E,0.8,A25,HAL,MEYVE SEBZE
939566.0,K,0.65,50, F SAFF,KAĞIT
939566.0,K,5.69,A25,HAL,MEYVE SEBZE
935245.0,K,4.37,A25,HAL,MEYVE SEBZE
939566.0,K,0.58,A25,HAL,MEYVE SEBZE
939566.0,K,1.76,A25,HAL,MEYVE SEBZE
939566.0,K,3.81,A25,HAL,MEYVE SEBZE
939566.0,K,3.0,,,GIDA
236512.0,E,43.78,235,KASAP,ET TAVUK
939566.0,K,4.38,,,SÜT KAHVALTILIK
939566.0,K,1.4,A25,HAL,MEYVE SEBZE
188008.0,E,0.8,A25,HAL,MEYVE SEBZE
188008.0,E,2.5,A25,HAL,MEYVE SEBZE
645150.0,K,8.25,32,ÇAYKUR,İÇECEK
1232.0,E,3.75,105,ORKİD,KAĞIT
236516.0,E,1.35,219,SERVİS,KAĞIT
188008.0,E,1.78,A25,HAL,MEYVE SEBZE
188008.0,E,0.5,A25,HAL,MEYVE SEBZE
645150.0,K,9.6,,,BEBEK
188008.0,E,1.41,A25,HAL,MEYVE SEBZE
645150.0,K,2.5,52,FİLİZ,GIDA
591527.0,E,8.0,163,JTİ,SİGARA
591527.0,E,6.0,163,JTİ,SİGARA
9295.0,E,1.65,50, F SAFF,DETERJAN TEMİZLİK
1065858.0,E,12.9,39,DOĞUŞ,İÇECEK
50080.0,K,0.5,A25,HAL,MEYVE SEBZE
50080.0,K,0.98,A25,HAL,MEYVE SEBZE
1065858.0,E,2.5,A25,HAL,MEYVE SEBZE
1065858.0,E,1.52,A25,HAL,MEYVE SEBZE
1065858.0,E,2.93,A25,HAL,MEYVE SEBZE
262276.0,K,7.75,32,ÇAYKUR,İÇECEK
1065858.0,E,2.35,172,BURDAN,SÜT KAHVALTILIK
1065858.0,E,4.1,99,NOGAY,SÜT KAHVALTILIK
1065858.0,E,1.82,A25,HAL,MEYVE SEBZE
1065858.0,E,0.8,144,ULUDAĞ,İÇECEK
1065858.0,E,0.4,144,ULUDAĞ,İÇECEK
1065858.0,E,0.4,144,ULUDAĞ,İÇECEK
262276.0,K,0.8,A25,HAL,MEYVE SEBZE
50080.0,K,0.8,A25,HAL,MEYVE SEBZE
262276.0,K,5.9,151,YÖRSAN,SÜT KAHVALTILIK
24778.0,K,2.75,A09,DURU BAKLIYAT,GIDA
674615.0,E,2.18,A25,HAL,MEYVE SEBZE
24778.0,K,11.0,163,JTİ,SİGARA
1065858.0,E,2.95,50, F SAFF,KAĞIT
24778.0,K,2.2,255,ANKARA,GIDA
262276.0,K,1.76,A25,HAL,MEYVE SEBZE
262276.0,K,2.8,32,ÇAYKUR,İÇECEK
262276.0,K,6.5,173,PHILIP MORIS,SİGARA
262276.0,K,6.5,173,PHILIP MORIS,SİGARA
24778.0,K,1.1,255,ANKARA,GIDA
262276.0,K,2.9,118,PINAR,GIDA
262276.0,K,10.75,235,KASAP,ET TAVUK
556659.0,E,8.5,163,JTİ,SİGARA
1232.0,E,8.49,105,ORKİD,KAĞIT
739469.0,K,0.95,146,ÜLKER,GIDA
759273.0,K,10.6,,,SÜT KAHVALTILIK
948847.0,K,3.04,A25,HAL,MEYVE SEBZE
948847.0,K,2.4,97,NESTLE,GIDA
948847.0,K,6.92,A25,HAL,MEYVE SEBZE
948847.0,K,5.46,A25,HAL,MEYVE SEBZE
948847.0,K,5.22,A25,HAL,MEYVE SEBZE
812864.0,K,1.25,204,ŞÖLEN,GIDA
462358.0,K,20.95,205,EMEK YAĞ,GIDA
948847.0,K,2.5,A25,HAL,MEYVE SEBZE
462358.0,K,6.5,49, F NEFFİS,GIDA
262276.0,K,2.95,322,DOMESTOS,DETERJAN TEMİZLİK
262276.0,K,2.49,298,FAİRY,DETERJAN TEMİZLİK
464599.0,K,3.5,A25,HAL,MEYVE SEBZE
464599.0,K,4.82,A25,HAL,MEYVE SEBZE
464599.0,K,1.95,A25,HAL,MEYVE SEBZE
464599.0,K,1.85,A25,HAL,MEYVE SEBZE
464599.0,K,1.1,A25,HAL,MEYVE SEBZE
464599.0,K,2.5,A25,HAL,MEYVE SEBZE
464599.0,K,0.5,A25,HAL,MEYVE SEBZE
464599.0,K,0.8,A25,HAL,MEYVE SEBZE
464599.0,K,1.91,A25,HAL,MEYVE SEBZE
464599.0,K,1.39,A25,HAL,MEYVE SEBZE
752964.0,E,0.85,77,KARTAL,GIDA
313944.0,K,1.23,A25,HAL,MEYVE SEBZE
360017.0,K,2.5,54,FRİTO,GIDA
943548.0,K,2.25,20,BİZDEN,İÇECEK
360017.0,K,3.5,146,ÜLKER,İÇECEK
360017.0,K,3.5,146,ÜLKER,İÇECEK
1045683.0,E,8.7,,,SÜT KAHVALTILIK
1045683.0,E,6.47,,,SÜT KAHVALTILIK
360017.0,K,2.5,54,FRİTO,GIDA
660975.0,K,35.65,,,SÜT KAHVALTILIK
660975.0,K,37.24,,,SÜT KAHVALTILIK
719512.0,K,10.95,107,ÖNCÜ,GIDA
719512.0,K,8.5,107,ÖNCÜ,GIDA
719512.0,K,3.22,167,BAKLİYAT,GIDA
719512.0,K,3.1,258,M.EFENDİ,İÇECEK
99216.0,K,2.75,250,İPEK KOZMETİK,KOZMETİK
864772.0,K,6.22,223,GÜROVA,SÜT KAHVALTILIK
964247.0,K,10.75,,,SÜT KAHVALTILIK
9365.0,E,2.5,54,FRİTO,GIDA
587549.0,E,2.25,20,BİZDEN,İÇECEK
587549.0,E,2.25,20,BİZDEN,İÇECEK
9365.0,E,2.5,54,FRİTO,GIDA
895259.0,E,1.37,167,BAKLİYAT,GIDA
229459.0,K,2.95,118,PINAR,SÜT KAHVALTILIK
229459.0,K,2.95,118,PINAR,SÜT KAHVALTILIK
12050.0,K,3.1,81,KNORR,GIDA
895259.0,E,3.9,151,YÖRSAN,SÜT KAHVALTILIK
12050.0,K,3.1,81,KNORR,GIDA
633897.0,K,2.91,167,BAKLİYAT,GIDA
895259.0,E,3.4,97,NESTLE,İÇECEK
216591.0,K,1.35,11,BAĞDAT,GIDA
1006633.0,K,2.5,54,FRİTO,GIDA
928822.0,E,1.75,146,ÜLKER,İÇECEK
17830.0,K,1.9,170,KOROPLAST,EV
216591.0,K,3.85,230,FİDANLAR BAHARAT,GIDA
216591.0,K,1.8,230,FİDANLAR BAHARAT,GIDA
813495.0,E,0.35,146,ÜLKER,İÇECEK
946663.0,K,1.61,167,BAKLİYAT,GIDA
863860.0,E,1.8,230,FİDANLAR BAHARAT,GIDA
633849.0,E,6.68,153,DERYA,SÜT KAHVALTILIK
813495.0,E,2.75,399,GULER NGS,GIDA
705413.0,K,2.5,74,KAR,GIDA
26327.0,K,5.01,167,BAKLİYAT,GIDA
26327.0,K,1.36,167,BAKLİYAT,GIDA
705413.0,K,3.85,97,NESTLE,İÇECEK
17543.0,K,2.95,12, F BAKTAT,GIDA
17543.0,K,5.06,167,BAKLİYAT,GIDA
17543.0,K,4.04,167,BAKLİYAT,GIDA
84688.0,E,0.5,146,ÜLKER,İÇECEK
892.0,K,11.53,167,BAKLİYAT,GIDA
892.0,K,4.85,31,COOK,EV
892.0,K,4.35,170,KOROPLAST,EV
,,1.02,167,BAKLİYAT,GIDA
,,1.51,167,BAKLİYAT,GIDA
,,1.51,167,BAKLİYAT,GIDA
831605.0,K,1.86,167,BAKLİYAT,GIDA
234128.0,K,14.51,212,EKİCİ,SÜT KAHVALTILIK
464599.0,K,0.6,144,ULUDAĞ,İÇECEK
775268.0,K,1.57,A25,HAL,MEYVE SEBZE
775268.0,K,3.45,118,PINAR,ET TAVUK
775268.0,K,3.45,118,PINAR,ET TAVUK
313944.0,K,1.54,A25,HAL,MEYVE SEBZE
464599.0,K,4.25,97,NESTLE,GIDA
464599.0,K,1.0,146,ÜLKER,GIDA
346643.0,E,0.25,,,
668818.0,K,13.75,205,EMEK YAĞ,GIDA
668818.0,K,2.95,298,FAİRY,DETERJAN TEMİZLİK
668818.0,K,2.95,322,DOMESTOS,DETERJAN TEMİZLİK
953920.0,K,10.0,173,PHILIP MORIS,SİGARA
,,1.29,A25,HAL,MEYVE SEBZE
,,5.56,A25,HAL,MEYVE SEBZE
,,1.9,A25,HAL,MEYVE SEBZE
,,2.09,A25,HAL,MEYVE SEBZE
225218.0,K,9.5,341,YAHYAOĞLU,SÜT KAHVALTILIK
566698.0,E,1.45,50, F SAFF,KAĞIT
939387.0,E,1.45,50, F SAFF,KAĞIT
524359.0,K,2.65,197,ÇEŞMEBAŞI,SÜT KAHVALTILIK
432033.0,K,8.93,,,BEBEK
545408.0,E,1.0,204,ŞÖLEN,GIDA
545408.0,E,1.25,204,ŞÖLEN,GIDA
545408.0,E,1.0,204,ŞÖLEN,GIDA
545408.0,E,1.0,204,ŞÖLEN,GIDA
601232.0,K,0.75,146,ÜLKER,GIDA
969074.0,K,5.99,118,PINAR,SÜT KAHVALTILIK
432033.0,K,6.5,199,B.A.T TEKEL,SİGARA
597369.0,E,12.34,A25,HAL,MEYVE SEBZE
1002607.0,E,2.4,19,BEYPAZARI,İÇECEK
221449.0,K,0.99,A25,HAL,MEYVE SEBZE
799292.0,K,1.35,219,SERVİS,KAĞIT
545408.0,E,1.45,113,PASTAVİLLA,GIDA
545408.0,E,1.6,204,ŞÖLEN,GIDA
545408.0,E,1.56,A25,HAL,MEYVE SEBZE
524359.0,K,2.09,99,NOGAY,SÜT KAHVALTILIK
398021.0,K,4.05,A25,HAL,MEYVE SEBZE
545408.0,E,4.12,A25,HAL,MEYVE SEBZE
545408.0,E,1.03,A25,HAL,MEYVE SEBZE
398021.0,K,23.3,235,KASAP,ET TAVUK
524359.0,K,6.45,A09,DURU BAKLIYAT,GIDA
398021.0,K,10.95,235,KASAP,ET TAVUK
398021.0,K,1.52,A25,HAL,MEYVE SEBZE
398021.0,K,2.83,A25,HAL,MEYVE SEBZE
1002607.0,E,1.1,146,ÜLKER,GIDA
1029322.0,E,8.0,163,JTİ,SİGARA
820615.0,E,0.75,44,ETİ,GIDA
62536.0,E,5.5,231,VİGOR,SİGARA
939387.0,E,2.0,,,EV
98354.0,E,0.9,144,ULUDAĞ,İÇECEK
939387.0,E,3.45,137,SÜTAŞ,GIDA
850077.0,K,1.24,A25,HAL,MEYVE SEBZE
850077.0,K,14.91,235,KASAP,ET TAVUK
850077.0,K,2.85,137,SÜTAŞ,SÜT KAHVALTILIK
62536.0,E,4.15,67,İÇİM SEHER,SÜT KAHVALTILIK
939387.0,E,2.75,222,SC.BRİTE,DETERJAN TEMİZLİK
668414.0,K,3.06,A25,HAL,MEYVE SEBZE
939387.0,E,3.5,A25,HAL,MEYVE SEBZE
876387.0,E,8.15,83,KOSKA,SÜT KAHVALTILIK
24778.0,K,8.9,226,FAMİLY,KAĞIT
462358.0,K,7.9,50, F SAFF,KAĞIT
841232.0,K,5.5,199,B.A.T TEKEL,SİGARA
332486.0,K,40.0,163,JTİ,SİGARA
719857.0,K,7.0,,,SÜT KAHVALTILIK
260689.0,E,1.2,383,ARKO,KOZMETİK
332486.0,K,4.25,354,PAŞAKÖY,SÜT KAHVALTILIK
332486.0,K,4.25,354,PAŞAKÖY,SÜT KAHVALTILIK
1268.0,K,2.95,66,HUGGİES,KAĞIT
332486.0,K,2.95,50, F SAFF,DETERJAN TEMİZLİK
1268.0,K,5.75,105,ORKİD,KAĞIT
793259.0,E,0.5,146,ÜLKER,GIDA
904617.0,E,6.22,A25,HAL,MEYVE SEBZE
1096194.0,E,6.5,173,PHILIP MORIS,SİGARA
1001266.0,K,1.82,A25,HAL,MEYVE SEBZE
793259.0,E,4.85,341,YAHYAOĞLU,SÜT KAHVALTILIK
904617.0,E,0.99,83,KOSKA,SÜT KAHVALTILIK
931401.0,E,2.0,146,ÜLKER,GIDA
1001266.0,K,6.89,A25,HAL,MEYVE SEBZE
931401.0,E,6.0,163,JTİ,SİGARA
418849.0,K,9.5,173,PHILIP MORIS,SİGARA
904617.0,E,3.95,137,SÜTAŞ,SÜT KAHVALTILIK
453449.0,K,1.75,146,ÜLKER,GIDA
1001266.0,K,0.8,A25,HAL,MEYVE SEBZE
1001266.0,K,1.42,A25,HAL,MEYVE SEBZE
904617.0,E,0.99,83,KOSKA,SÜT KAHVALTILIK
381689.0,E,6.0,199,B.A.T TEKEL,SİGARA
904617.0,E,5.15,50, F SAFF,KAĞIT
453449.0,K,8.0,163,JTİ,SİGARA
1054298.0,E,2.98,A25,HAL,MEYVE SEBZE
,,2.3,144,ULUDAĞ,İÇECEK
453449.0,K,5.95,146,ÜLKER,SÜT KAHVALTILIK
54633.0,K,1.45,154,TADELLE,GIDA
54633.0,K,5.75,260,KİNDER,GIDA
1045683.0,E,7.9,39,DOĞUŞ,İÇECEK
758571.0,K,4.15,88,LİPTON,İÇECEK
758571.0,K,1.45,113,PASTAVİLLA,GIDA
758571.0,K,4.15,88,LİPTON,İÇECEK
566698.0,E,2.25,202,İPEK PAMUK,KOZMETİK
566698.0,E,1.65,260,KİNDER,GIDA
106501.0,K,2.5,A25,HAL,MEYVE SEBZE
900327.0,K,17.35,118,PINAR,GIDA
900327.0,K,31.25,235,KASAP,ET TAVUK
900327.0,K,3.45,203,BANVİT,ET TAVUK
304029.0,K,4.75,,,BEBEK
81119.0,E,12.91,235,KASAP,ET TAVUK
532367.0,E,1.25,204,ŞÖLEN,GIDA
81119.0,E,1.1,255,ANKARA,GIDA
520642.0,E,3.25,215,SELPAK,KAĞIT
520642.0,E,8.9,226,FAMİLY,KAĞIT
81119.0,E,5.35,359,HASTEL,GIDA
18107.0,K,5.45,333,YUMOŞ,DETERJAN TEMİZLİK
26331.0,E,13.95,49, F NEFFİS,İÇECEK
201910.0,K,5.6,,,İÇECEK
26331.0,E,3.6,37,DOĞADAN,İÇECEK
26331.0,E,1.95,330,SANA,SÜT KAHVALTILIK
26331.0,E,2.0,59,HALK,SÜT KAHVALTILIK
26331.0,E,9.54,299,SENPİLİÇ,ET TAVUK
869068.0,K,2.25,137,SÜTAŞ,SÜT KAHVALTILIK
26331.0,E,1.95,330,SANA,SÜT KAHVALTILIK
105520.0,K,2.4,49, F NEFFİS,İÇECEK
26331.0,E,17.4,49, F NEFFİS,GIDA
869068.0,K,4.5,51,FİDANLAR,SÜT KAHVALTILIK
26331.0,E,19.86,299,SENPİLİÇ,ET TAVUK
696094.0,E,1.15,330,SANA,SÜT KAHVALTILIK
800304.0,E,7.95,146,ÜLKER,KOZMETİK
971391.0,E,5.6,,,İÇECEK
966278.0,E,2.23,8,ARMONİ ,GIDA
943548.0,K,1.9,345,ALTINCEZVE,İÇECEK
943548.0,K,1.9,345,ALTINCEZVE,İÇECEK
271478.0,E,1.65,79,KENT,GIDA
17769.0,K,0.5,146,ÜLKER,İÇECEK
598947.0,K,2.0,146,ÜLKER,GIDA
712152.0,E,20.9,215,SELPAK,KAĞIT
,,21.95,25,CANBEBE,BEBEK
1006633.0,K,0.9,,,GIDA
936114.0,K,3.45,169,KEMAL KÜKRER,GIDA
936114.0,K,6.95,212,EKİCİ,SÜT KAHVALTILIK
2050.0,K,2.36,8,ARMONİ ,GIDA
234128.0,K,4.9,140,TAMEK,GIDA
234128.0,K,3.35,140,TAMEK,GIDA
234128.0,K,7.51,167,BAKLİYAT,GIDA
234128.0,K,6.2,258,M.EFENDİ,İÇECEK
1225.0,K,3.15,401,SELALE,KOZMETİK
546759.0,E,2.4,33,DANONE,SÜT KAHVALTILIK
771451.0,K,2.5,54,FRİTO,GIDA
98354.0,E,2.5,54,FRİTO,GIDA
545408.0,E,0.35,97,NESTLE,İÇECEK
545408.0,E,0.35,97,NESTLE,İÇECEK
432033.0,K,3.1,258,M.EFENDİ,İÇECEK
545408.0,E,2.5,54,FRİTO,GIDA
668818.0,K,3.95,167,BAKLİYAT,GIDA
668818.0,K,0.9,167,BAKLİYAT,GIDA
17652.0,E,9.9,377,LISTERINE,KOZMETİK
17652.0,E,9.9,377,LISTERINE,KOZMETİK
668818.0,K,1.68,167,BAKLİYAT,GIDA
743164.0,E,21.6,38,DOĞANAY,İÇECEK
1608.0,E,3.1,258,M.EFENDİ,İÇECEK
1608.0,E,8.99,,,SÜT KAHVALTILIK
213255.0,K,2.5,54,FRİTO,GIDA
213255.0,K,3.95,236,KISMET TATLI,SÜT KAHVALTILIK
213255.0,K,3.95,236,KISMET TATLI,SÜT KAHVALTILIK
213255.0,K,2.4,38,DOĞANAY,İÇECEK
213255.0,K,2.4,38,DOĞANAY,İÇECEK
213255.0,K,11.58,,,SÜT KAHVALTILIK
6539.0,K,3.22,167,BAKLİYAT,GIDA
6539.0,K,4.91,167,BAKLİYAT,GIDA
6539.0,K,3.9,167,BAKLİYAT,GIDA
6539.0,K,2.71,167,BAKLİYAT,GIDA
6539.0,K,7.94,167,BAKLİYAT,GIDA
6539.0,K,3.45,141,TAT,GIDA
6539.0,K,1.75,167,BAKLİYAT,GIDA
6539.0,K,1.79,170,KOROPLAST,EV
731363.0,E,3.25,54,FRİTO,GIDA
731363.0,E,2.5,54,FRİTO,GIDA
879015.0,K,9.25,245,COLGATE,KOZMETİK
464599.0,K,2.5,74,KAR,GIDA
464599.0,K,1.5,74,KAR,GIDA
464599.0,K,2.5,54,FRİTO,GIDA
58781.0,K,6.1,153,DERYA,SÜT KAHVALTILIK
58781.0,K,2.95,118,PINAR,SÜT KAHVALTILIK
464599.0,K,3.95,230,FİDANLAR BAHARAT,GIDA
464599.0,K,5.0,11,BAĞDAT,GIDA
775268.0,K,3.65,141,TAT,GIDA
58781.0,K,3.49,137,SÜTAŞ,SÜT KAHVALTILIK
775268.0,K,7.36,254,OYALI,SÜT KAHVALTILIK
58781.0,K,4.5,357,CP,SÜT KAHVALTILIK
554666.0,E,1.75,97,NESTLE,İÇECEK
440064.0,K,11.9,282,SENSODYNE,KOZMETİK
683672.0,K,1.25,146,ÜLKER,BEBEK
683672.0,K,2.99,146,ÜLKER,BEBEK
150345.0,K,3.49,137,SÜTAŞ,SÜT KAHVALTILIK
453449.0,K,0.7,,,
1054298.0,E,1.1,,,
54633.0,K,2.75,,,
758571.0,K,1.1,255,ANKARA,GIDA
729052.0,K,1.25,50, F SAFF,KAĞIT
786931.0,K,0.5,146,ÜLKER,GIDA
,,0.95,97,NESTLE,İÇECEK
,,0.95,97,NESTLE,İÇECEK
345589.0,E,2.5,146,ÜLKER,GIDA
,,2.95,83,KOSKA,SÜT KAHVALTILIK
916598.0,K,2.9,118,PINAR,SÜT KAHVALTILIK
916598.0,K,3.25,118,PINAR,SÜT KAHVALTILIK
758571.0,K,0.99,5,ARBELLA,GIDA
916598.0,K,1.6,89,M.BİRLİK,SÜT KAHVALTILIK
758571.0,K,1.1,146,ÜLKER,GIDA
758571.0,K,4.9,32,ÇAYKUR,İÇECEK
401980.0,K,1.72,A25,HAL,MEYVE SEBZE
819032.0,E,3.65,67,İÇİM SEHER,SÜT KAHVALTILIK
189178.0,K,1.65,50, F SAFF,DETERJAN TEMİZLİK
440644.0,E,9.5,173,PHILIP MORIS,SİGARA
819032.0,E,1.93,A25,HAL,MEYVE SEBZE
116013.0,K,5.0,146,ÜLKER,GIDA
401980.0,K,7.13,A25,HAL,MEYVE SEBZE
819032.0,E,2.21,A25,HAL,MEYVE SEBZE
819032.0,E,2.05,A25,HAL,MEYVE SEBZE
178286.0,E,0.4,50, F SAFF,KAĞIT
178286.0,E,0.35,215,SELPAK,KAĞIT
286543.0,K,2.0,A25,HAL,MEYVE SEBZE
401980.0,K,6.98,A25,HAL,MEYVE SEBZE
134498.0,E,2.98,A25,HAL,MEYVE SEBZE
134498.0,E,1.0,A25,HAL,MEYVE SEBZE
134498.0,E,1.47,A25,HAL,MEYVE SEBZE
134498.0,E,3.08,A25,HAL,MEYVE SEBZE
939224.0,E,7.5,222,SC.BRİTE,DETERJAN TEMİZLİK
134498.0,E,1.0,A25,HAL,MEYVE SEBZE
134498.0,E,1.37,A25,HAL,MEYVE SEBZE
134498.0,E,0.8,A25,HAL,MEYVE SEBZE
939224.0,E,1.65,260,KİNDER,GIDA
9078.0,K,7.58,A25,HAL,MEYVE SEBZE
60913.0,K,1.23,A25,HAL,MEYVE SEBZE
60913.0,K,1.0,A25,HAL,MEYVE SEBZE
60913.0,K,1.6,A25,HAL,MEYVE SEBZE
134498.0,E,4.49,A25,HAL,MEYVE SEBZE
939224.0,E,3.75,2,AKDEM,İÇECEK
600189.0,K,0.75,146,ÜLKER,GIDA
9078.0,K,3.74,A25,HAL,MEYVE SEBZE
753435.0,K,3.0,,,GIDA
600189.0,K,72.0,199,B.A.T TEKEL,SİGARA
1008227.0,E,9.27,A25,HAL,MEYVE SEBZE
600189.0,K,9.55,235,KASAP,ET TAVUK
753435.0,K,15.49,152,YUDUM,GIDA
1008227.0,E,2.51,A25,HAL,MEYVE SEBZE
1008227.0,E,1.0,A25,HAL,MEYVE SEBZE
380189.0,E,4.17,A25,HAL,MEYVE SEBZE
1008227.0,E,3.22,A25,HAL,MEYVE SEBZE
559236.0,K,9.5,173,PHILIP MORIS,SİGARA
384602.0,K,6.0,199,B.A.T TEKEL,SİGARA
84028.0,E,2.5,44,ETİ,GIDA
178286.0,E,2.95,146,ÜLKER,KAĞIT
214446.0,E,1.83,A25,HAL,MEYVE SEBZE
401980.0,K,1.35,219,SERVİS,KAĞIT
401980.0,K,1.35,219,SERVİS,KAĞIT
121285.0,E,5.25,151,YÖRSAN,SÜT KAHVALTILIK
753435.0,K,18.9,226,FAMİLY,KAĞIT
1008227.0,E,2.5,A25,HAL,MEYVE SEBZE
1008227.0,E,1.7,A25,HAL,MEYVE SEBZE
464599.0,K,5.7,99,NOGAY,SÜT KAHVALTILIK
907261.0,K,3.95,230,FİDANLAR BAHARAT,GIDA
26733.0,K,28.95,167,BAKLİYAT,GIDA
516116.0,E,1.75,146,ÜLKER,EV
752964.0,E,14.67,235,KASAP,ET TAVUK
213255.0,K,3.0,,,
58781.0,K,3.65,101,NUTELLA,SÜT KAHVALTILIK
752964.0,E,19.95,152,YUDUM,GIDA
313944.0,K,10.94,A25,HAL,MEYVE SEBZE
58781.0,K,10.49,A25,HAL,MEYVE SEBZE
313944.0,K,4.17,A25,HAL,MEYVE SEBZE
313944.0,K,10.18,A25,HAL,MEYVE SEBZE
464599.0,K,3.5,144,ULUDAĞ,İÇECEK
464599.0,K,1.2,144,ULUDAĞ,İÇECEK
464599.0,K,0.6,144,ULUDAĞ,İÇECEK
752964.0,E,0.99,5,ARBELLA,GIDA
734790.0,E,2.71,299,SENPİLİÇ,ET TAVUK
2050.0,K,1.34,8,ARMONİ ,GIDA
818823.0,K,18.0,37,DOĞADAN,İÇECEK
969467.0,K,1.0,59,HALK,GIDA
895259.0,E,0.5,44,ETİ,GIDA
915478.0,K,3.25,215,SELPAK,KAĞIT
289485.0,K,0.7,A25,HAL,MEYVE SEBZE
232752.0,E,4.85,341,YAHYAOĞLU,SÜT KAHVALTILIK
743164.0,E,1.35,219,SERVİS,KAĞIT
213255.0,K,3.25,281,HYPO,DETERJAN TEMİZLİK
313944.0,K,4.88,A25,HAL,MEYVE SEBZE
922498.0,K,2.49,202,İPEK PAMUK,KOZMETİK
570093.0,K,1.16,A25,HAL,MEYVE SEBZE
915478.0,K,9.45,215,SELPAK,KAĞIT
570093.0,K,6.58,99,NOGAY,SÜT KAHVALTILIK
775268.0,K,1.38,99,NOGAY,SÜT KAHVALTILIK
304029.0,K,4.95,198,LAVACHE-KARPER,SÜT KAHVALTILIK
520642.0,E,3.5,83,KOSKA,SÜT KAHVALTILIK
520642.0,E,9.5,341,YAHYAOĞLU,SÜT KAHVALTILIK
304029.0,K,1.0,146,ÜLKER,GIDA
520642.0,E,4.36,A25,HAL,MEYVE SEBZE
81119.0,E,1.1,255,ANKARA,GIDA
304029.0,K,3.35,83,KOSKA,SÜT KAHVALTILIK
304029.0,K,4.85,341,YAHYAOĞLU,SÜT KAHVALTILIK
520642.0,E,4.93,A25,HAL,MEYVE SEBZE
520642.0,E,6.0,44,ETİ,GIDA
520642.0,E,9.25,205,EMEK YAĞ,GIDA
520642.0,E,19.5,298,FAİRY,DETERJAN TEMİZLİK
520642.0,E,4.35,A25,HAL,MEYVE SEBZE
520642.0,E,2.95,322,DOMESTOS,DETERJAN TEMİZLİK
520642.0,E,4.75,83,KOSKA,SÜT KAHVALTILIK
520642.0,E,1.45,113,PASTAVİLLA,GIDA
520642.0,E,1.45,113,PASTAVİLLA,GIDA
712081.0,E,5.45,298,FAİRY,DETERJAN TEMİZLİK
520642.0,E,4.25,132,SİNANGİL,GIDA
6539.0,K,7.75,32,ÇAYKUR,İÇECEK
232752.0,E,3.0,,,GIDA
922498.0,K,6.9,188,NEUTROGENA,KOZMETİK
1041139.0,K,1.5,93,MİLKA,GIDA
570093.0,K,1.95,A25,HAL,MEYVE SEBZE
156595.0,K,2.5,50, F SAFF,DETERJAN TEMİZLİK
915478.0,K,3.12,A25,HAL,MEYVE SEBZE
915478.0,K,5.33,A25,HAL,MEYVE SEBZE
915478.0,K,5.33,A25,HAL,MEYVE SEBZE
232752.0,E,9.5,173,PHILIP MORIS,SİGARA
232752.0,E,9.5,173,PHILIP MORIS,SİGARA
232752.0,E,9.5,173,PHILIP MORIS,SİGARA
761446.0,E,35.65,27,CANPED,KAĞIT
6539.0,K,1.5,52,FİLİZ,GIDA
6539.0,K,8.75,52,FİLİZ,GIDA
688491.0,K,4.38,A25,HAL,MEYVE SEBZE
688491.0,K,0.5,A25,HAL,MEYVE SEBZE
688491.0,K,2.32,A25,HAL,MEYVE SEBZE
232752.0,E,3.3,255,ANKARA,GIDA
1608.0,E,3.99,133,SÖKE,GIDA
232752.0,E,10.61,235,KASAP,ET TAVUK
520642.0,E,2.95,322,DOMESTOS,DETERJAN TEMİZLİK
520642.0,E,3.95,A25,HAL,MEYVE SEBZE
31412.0,E,0.8,A25,HAL,MEYVE SEBZE
396653.0,K,4.94,A25,HAL,MEYVE SEBZE
520642.0,E,0.99,5,ARBELLA,GIDA
204806.0,K,1.25,52,FİLİZ,GIDA
165549.0,E,0.5,,,
712081.0,E,8.25,32,ÇAYKUR,İÇECEK
470792.0,K,1.1,255,ANKARA,GIDA
1004335.0,E,9.07,,,SÜT KAHVALTILIK
380384.0,E,6.45,232,KEBİR,SÜT KAHVALTILIK
1063325.0,K,1.45,40,DR.OETKER,GIDA
1063325.0,K,1.45,40,DR.OETKER,GIDA
1055696.0,K,3.35,227,PAPİA,KAĞIT
656157.0,E,9.59,94,MOLFIX,KAĞIT
1055696.0,K,3.0,,,GIDA
753703.0,E,2.5,A25,HAL,MEYVE SEBZE
359849.0,K,2.6,A25,HAL,MEYVE SEBZE
359849.0,K,1.77,A25,HAL,MEYVE SEBZE
359849.0,K,0.32,A25,HAL,MEYVE SEBZE
693557.0,E,1.0,146,ÜLKER,GIDA
450021.0,E,2.75,137,SÜTAŞ,SÜT KAHVALTILIK
322886.0,E,6.9,127,SARELLE,SÜT KAHVALTILIK
275595.0,K,3.0,,,GIDA
882401.0,K,3.85,130,SEK,SÜT KAHVALTILIK
275595.0,K,0.81,A25,HAL,MEYVE SEBZE
359849.0,K,0.66,A25,HAL,MEYVE SEBZE
359849.0,K,0.63,A25,HAL,MEYVE SEBZE
275595.0,K,1.99,133,SÖKE,GIDA
275595.0,K,4.6,205,EMEK YAĞ,GIDA
811592.0,E,8.5,187,JOHNSON BABY,KOZMETİK
808497.0,K,3.79,254,OYALI,SÜT KAHVALTILIK
920261.0,K,9.7,,,SÜT KAHVALTILIK
799292.0,K,3.95,137,SÜTAŞ,SÜT KAHVALTILIK
799292.0,K,1.5,52,FİLİZ,GIDA
106501.0,K,2.0,A25,HAL,MEYVE SEBZE
400635.0,E,0.5,146,ÜLKER,GIDA
400635.0,E,0.5,146,ÜLKER,GIDA
799292.0,K,2.5,A25,HAL,MEYVE SEBZE
900327.0,K,6.5,173,PHILIP MORIS,SİGARA
900327.0,K,2.21,A25,HAL,MEYVE SEBZE
188680.0,K,2.5,A25,HAL,MEYVE SEBZE
1827.0,K,11.76,99,NOGAY,SÜT KAHVALTILIK
400635.0,E,5.6,A25,HAL,MEYVE SEBZE
799292.0,K,3.62,A25,HAL,MEYVE SEBZE
234128.0,K,10.9,224,BİNGO,DETERJAN TEMİZLİK
188680.0,K,1.35,49, F NEFFİS,GIDA
546759.0,E,0.5,67,İÇİM SEHER,GIDA
546759.0,E,0.5,67,İÇİM SEHER,GIDA
188680.0,K,0.7,40,DR.OETKER,GIDA
188680.0,K,1.5,40,DR.OETKER,GIDA
109732.0,K,6.5,173,PHILIP MORIS,SİGARA
178286.0,E,0.35,215,SELPAK,KAĞIT
511974.0,K,2.75,,,
511974.0,K,2.75,,,
898982.0,K,0.48,,,
478379.0,K,9.5,341,YAHYAOĞLU,SÜT KAHVALTILIK
983.0,K,1.25,40,DR.OETKER,GIDA
514502.0,K,2.15,61,HEKİMOĞLU,GIDA
330228.0,K,2.7,189,DURU,KOZMETİK
394195.0,K,0.5,146,ÜLKER,GIDA
394195.0,K,0.5,146,ÜLKER,GIDA
473555.0,K,6.5,173,PHILIP MORIS,SİGARA
394195.0,K,0.55,144,ULUDAĞ,İÇECEK
1035924.0,E,1.0,146,ÜLKER,GIDA
1035924.0,E,1.0,146,ÜLKER,GIDA
983.0,K,1.25,40,DR.OETKER,GIDA
1766.0,K,6.55,296,ACE,DETERJAN TEMİZLİK
10222.0,K,1.76,A25,HAL,MEYVE SEBZE
37116.0,E,3.5,146,ÜLKER,GIDA
37116.0,E,3.5,146,ÜLKER,GIDA
37116.0,E,3.5,146,ÜLKER,GIDA
955402.0,K,6.5,173,PHILIP MORIS,SİGARA
794129.0,K,2.28,83,KOSKA,SÜT KAHVALTILIK
514502.0,K,2.1,341,YAHYAOĞLU,SÜT KAHVALTILIK
955402.0,K,0.98,A25,HAL,MEYVE SEBZE
955402.0,K,0.9,A25,HAL,MEYVE SEBZE
37116.0,E,0.5,A25,HAL,MEYVE SEBZE
955402.0,K,1.0,A25,HAL,MEYVE SEBZE
955402.0,K,0.5,A25,HAL,MEYVE SEBZE
955402.0,K,1.88,A25,HAL,MEYVE SEBZE
955402.0,K,1.35,A25,HAL,MEYVE SEBZE
37116.0,E,2.32,A25,HAL,MEYVE SEBZE
37116.0,E,4.36,A25,HAL,MEYVE SEBZE
37116.0,E,3.1,A25,HAL,MEYVE SEBZE
37116.0,E,1.74,A25,HAL,MEYVE SEBZE
1028210.0,K,3.42,A25,HAL,MEYVE SEBZE
1028210.0,K,0.82,A25,HAL,MEYVE SEBZE
1766.0,K,11.9,50, F SAFF,KAĞIT
1766.0,K,1.35,228,TENO,KAĞIT
124678.0,E,18.08,,,ET TAVUK
124678.0,E,36.3,235,KASAP,ET TAVUK
37116.0,E,1.95,146,ÜLKER,GIDA
37116.0,E,1.95,146,ÜLKER,GIDA
37116.0,E,1.95,146,ÜLKER,GIDA
819032.0,E,2.5,A25,HAL,MEYVE SEBZE
955402.0,K,1.53,A25,HAL,MEYVE SEBZE
955402.0,K,1.65,A25,HAL,MEYVE SEBZE
819032.0,E,4.4,255,ANKARA,GIDA
37116.0,E,2.3,A25,HAL,MEYVE SEBZE
1028210.0,K,1.6,A25,HAL,MEYVE SEBZE
382019.0,E,3.5,A25,HAL,MEYVE SEBZE
124678.0,E,2.85,A09,DURU BAKLIYAT,GIDA
819032.0,E,0.99,A25,HAL,MEYVE SEBZE
801.0,E,1.5,A25,HAL,MEYVE SEBZE
478379.0,K,1.99,50, F SAFF,DETERJAN TEMİZLİK
478379.0,K,18.5,175,CALGONIT,DETERJAN TEMİZLİK
275865.0,K,1.0,,,
819032.0,E,20.97,235,KASAP,ET TAVUK
819032.0,E,28.92,235,KASAP,ET TAVUK
124678.0,E,42.92,235,KASAP,ET TAVUK
375407.0,K,7.35,40,DR.OETKER,GIDA
819032.0,E,12.0,,,SÜT KAHVALTILIK
1028210.0,K,2.1,341,YAHYAOĞLU,SÜT KAHVALTILIK
124678.0,E,6.95,322,DOMESTOS,DETERJAN TEMİZLİK
801.0,E,31.68,235,KASAP,ET TAVUK
801.0,E,1.35,49, F NEFFİS,GIDA
801.0,E,2.53,A25,HAL,MEYVE SEBZE
801.0,E,1.84,A25,HAL,MEYVE SEBZE
801.0,E,2.7,49, F NEFFİS,GIDA
801.0,E,2.7,49, F NEFFİS,GIDA
868112.0,E,0.8,A25,HAL,MEYVE SEBZE
868112.0,E,1.97,A25,HAL,MEYVE SEBZE
1043800.0,K,7.25,32,ÇAYKUR,İÇECEK
868112.0,E,1.99,A25,HAL,MEYVE SEBZE
868112.0,E,1.79,A25,HAL,MEYVE SEBZE
868112.0,E,13.47,A25,HAL,MEYVE SEBZE
1094748.0,K,1.63,A25,HAL,MEYVE SEBZE
869396.0,K,3.47,A25,HAL,MEYVE SEBZE
814268.0,E,12.9,101,NUTELLA,SÜT KAHVALTILIK
869396.0,K,1.25,52,FİLİZ,GIDA
869396.0,K,1.25,52,FİLİZ,GIDA
654765.0,E,2.4,19,BEYPAZARI,İÇECEK
457908.0,K,1.25,50, F SAFF,KAĞIT
352143.0,E,6.5,173,PHILIP MORIS,SİGARA
1043800.0,K,10.0,173,PHILIP MORIS,SİGARA
869396.0,K,0.5,A25,HAL,MEYVE SEBZE
869396.0,K,0.8,A25,HAL,MEYVE SEBZE
472092.0,K,4.83,A25,HAL,MEYVE SEBZE
869396.0,K,1.1,255,ANKARA,GIDA
869396.0,K,1.1,255,ANKARA,GIDA
153404.0,E,4.25,408,LAPİDEN,KOZMETİK
486.0,K,2.85,A09,DURU BAKLIYAT,GIDA
486.0,K,3.25,39,DOĞUŞ,İÇECEK
688491.0,K,1.0,A25,HAL,MEYVE SEBZE
407545.0,E,1.2,144,ULUDAĞ,İÇECEK
548908.0,K,0.35,146,ÜLKER,İÇECEK
548908.0,K,0.35,146,ÜLKER,İÇECEK
525132.0,K,4.95,2,AKDEM,GIDA
964247.0,K,1.0,361,BİLLUR,GIDA
964247.0,K,1.0,361,BİLLUR,GIDA
915478.0,K,9.5,192,DAVIDOF,SİGARA
1040861.0,K,17.85,34,DEPEND,KAĞIT
360017.0,K,2.25,146,ÜLKER,İÇECEK
229459.0,K,1.69,49, F NEFFİS,SÜT KAHVALTILIK
768626.0,K,5.65,11,BAĞDAT,GIDA
378089.0,E,3.95,198,LAVACHE-KARPER,SÜT KAHVALTILIK
5481.0,K,2.0,44,ETİ,GIDA
5481.0,K,2.0,44,ETİ,GIDA
712152.0,E,5.95,141,TAT,GIDA
701103.0,E,1.2,383,ARKO,KOZMETİK
712152.0,E,3.5,97,NESTLE,İÇECEK
289485.0,K,2.1,97,NESTLE,İÇECEK
289485.0,K,3.93,167,BAKLİYAT,GIDA
15921.0,E,3.95,230,FİDANLAR BAHARAT,GIDA
289485.0,K,0.5,146,ÜLKER,İÇECEK
289485.0,K,0.5,146,ÜLKER,İÇECEK
15921.0,E,3.85,97,NESTLE,İÇECEK
15921.0,E,4.35,170,KOROPLAST,EV
737189.0,E,11.36,,,SÜT KAHVALTILIK
15921.0,E,1.0,71,JACOPS,İÇECEK
15921.0,E,1.43,167,BAKLİYAT,GIDA
15921.0,E,25.71,167,BAKLİYAT,GIDA
446584.0,K,2.9,,,SÜT KAHVALTILIK
424458.0,K,3.25,7,ARI,BEBEK
701697.0,E,0.5,71,JACOPS,İÇECEK
706584.0,K,0.9,38,DOĞANAY,İÇECEK
580335.0,K,4.75,167,BAKLİYAT,GIDA
706584.0,K,2.95,118,PINAR,SÜT KAHVALTILIK
549154.0,K,4.74,212,EKİCİ,SÜT KAHVALTILIK
26331.0,E,8.95,107,ÖNCÜ,GIDA
323486.0,E,9.9,245,COLGATE,KOZMETİK
26331.0,E,1.76,167,BAKLİYAT,GIDA
869068.0,K,2.49,114,PENGUEN,GIDA
964826.0,K,5.95,146,ÜLKER,KOZMETİK
869068.0,K,4.0,141,TAT,GIDA
26331.0,E,3.1,258,M.EFENDİ,İÇECEK
26331.0,E,5.3,167,BAKLİYAT,GIDA
767483.0,E,9.9,245,COLGATE,KOZMETİK
676354.0,K,1.95,292,FERSAN,GIDA
507006.0,E,1.0,54,FRİTO,GIDA
507006.0,E,2.5,54,FRİTO,GIDA
507006.0,E,2.5,54,FRİTO,GIDA
792809.0,E,3.86,153,DERYA,SÜT KAHVALTILIK
245737.0,K,10.63,212,EKİCİ,SÜT KAHVALTILIK
,,3.45,141,TAT,GIDA
451180.0,E,2.22,,,SÜT KAHVALTILIK
676354.0,K,12.95,1,AİR WİCK,DETERJAN TEMİZLİK
981.0,E,0.7,97,NESTLE,İÇECEK
895259.0,E,1.0,146,ÜLKER,GIDA
451180.0,E,2.85,11,BAĞDAT,GIDA
15921.0,E,31.07,235,KASAP,ET TAVUK
525132.0,K,1.36,167,BAKLİYAT,GIDA
525132.0,K,1.77,167,BAKLİYAT,GIDA
525132.0,K,1.76,167,BAKLİYAT,GIDA
895259.0,E,1.0,59,HALK,GIDA
936114.0,K,4.25,141,TAT,GIDA
525132.0,K,5.76,167,BAKLİYAT,GIDA
734790.0,E,5.86,254,OYALI,SÜT KAHVALTILIK
197103.0,E,2.35,11,BAĞDAT,GIDA
660166.0,E,3.95,230,FİDANLAR BAHARAT,GIDA
403816.0,K,1.1,255,ANKARA,GIDA
403816.0,K,3.3,255,ANKARA,GIDA
403816.0,K,1.1,255,ANKARA,GIDA
289485.0,K,0.93,A25,HAL,MEYVE SEBZE
289485.0,K,1.78,A25,HAL,MEYVE SEBZE
213255.0,K,1.0,146,ÜLKER,GIDA
713008.0,E,1.8,A25,HAL,MEYVE SEBZE
668818.0,K,3.45,50, F SAFF,KAĞIT
275595.0,K,0.69,228,TENO,KAĞIT
808497.0,K,7.98,A25,HAL,MEYVE SEBZE
808497.0,K,5.35,A25,HAL,MEYVE SEBZE
808497.0,K,3.9,A25,HAL,MEYVE SEBZE
450021.0,E,0.75,146,ÜLKER,GIDA
808497.0,K,3.0,,,GIDA
808497.0,K,2.86,A25,HAL,MEYVE SEBZE
808497.0,K,2.4,A25,HAL,MEYVE SEBZE
808497.0,K,10.12,A25,HAL,MEYVE SEBZE
808497.0,K,19.79,A25,HAL,MEYVE SEBZE
920261.0,K,4.0,61,HEKİMOĞLU,GIDA
781163.0,K,1.85,,,
8941.0,E,3.5,A25,HAL,MEYVE SEBZE
242063.0,E,1.25,52,FİLİZ,GIDA
401311.0,K,12.09,A25,HAL,MEYVE SEBZE
401311.0,K,6.24,A25,HAL,MEYVE SEBZE
808497.0,K,19.0,341,YAHYAOĞLU,SÜT KAHVALTILIK
,,10.69,,,BEBEK
313670.0,E,5.45,298,FAİRY,DETERJAN TEMİZLİK
55122.0,K,2.9,A25,HAL,MEYVE SEBZE
401311.0,K,4.78,A25,HAL,MEYVE SEBZE
808497.0,K,9.28,A25,HAL,MEYVE SEBZE
808497.0,K,7.94,A25,HAL,MEYVE SEBZE
869396.0,K,0.8,A25,HAL,MEYVE SEBZE
858065.0,K,9.5,173,PHILIP MORIS,SİGARA
814268.0,E,3.3,,,
926094.0,K,6.5,173,PHILIP MORIS,SİGARA
184609.0,K,0.5,A25,HAL,MEYVE SEBZE
184609.0,K,1.58,A25,HAL,MEYVE SEBZE
184609.0,K,0.8,A25,HAL,MEYVE SEBZE
184609.0,K,5.5,192,DAVIDOF,SİGARA
184609.0,K,2.28,A25,HAL,MEYVE SEBZE
184609.0,K,1.56,A25,HAL,MEYVE SEBZE
981327.0,K,0.75,146,ÜLKER,GIDA
981327.0,K,0.75,146,ÜLKER,GIDA
,,3.18,A25,HAL,MEYVE SEBZE
,,6.85,151,YÖRSAN,SÜT KAHVALTILIK
712362.0,K,1.25,52,FİLİZ,GIDA
17520.0,K,1.25,52,FİLİZ,GIDA
181.0,E,0.84,A25,HAL,MEYVE SEBZE
8890.0,K,2.2,50, F SAFF,KAĞIT
760610.0,K,1.25,284,VİLEDA,DETERJAN TEMİZLİK
924555.0,K,2.05,A25,HAL,MEYVE SEBZE
981327.0,K,4.95,95,MOLPED,KAĞIT
216775.0,K,6.95,95,MOLPED,KAĞIT
320693.0,K,2.47,A25,HAL,MEYVE SEBZE
181.0,E,3.35,32,ÇAYKUR,İÇECEK
633723.0,K,17.97,235,KASAP,ET TAVUK
320693.0,K,2.94,A25,HAL,MEYVE SEBZE
869044.0,K,1.35,159,PİKNİK,EV
181.0,E,5.5,199,B.A.T TEKEL,SİGARA
1008951.0,E,1.95,260,KİNDER,GIDA
1008951.0,E,1.95,260,KİNDER,GIDA
719857.0,K,0.25,44,ETİ,GIDA
948847.0,K,1.95,30,COCO COLA,İÇECEK
733994.0,K,0.75,49, F NEFFİS,İÇECEK
141874.0,E,0.5,146,ÜLKER,GIDA
242063.0,E,1.9,146,ÜLKER,GIDA
,,3.56,,,
9036.0,E,8.0,163,JTİ,SİGARA
976.0,E,2.0,146,ÜLKER,GIDA
450021.0,E,0.75,44,ETİ,GIDA
867305.0,E,12.5,,,
867305.0,E,12.5,,,
1084711.0,K,2.5,,,
1084711.0,K,2.5,,,
656157.0,E,4.85,341,YAHYAOĞLU,SÜT KAHVALTILIK
7596.0,K,10.0,173,PHILIP MORIS,SİGARA
163495.0,E,19.95,100,NUMİL,BEBEK
,,6.62,A25,HAL,MEYVE SEBZE
313670.0,E,10.9,322,DOMESTOS,DETERJAN TEMİZLİK
,,4.85,341,YAHYAOĞLU,SÜT KAHVALTILIK
163495.0,E,1.0,50, F SAFF,DETERJAN TEMİZLİK
313670.0,E,13.8,341,YAHYAOĞLU,SÜT KAHVALTILIK
313670.0,E,9.0,363,BEŞLER,ET TAVUK
313670.0,E,4.85,363,BEŞLER,ET TAVUK
313670.0,E,0.5,A25,HAL,MEYVE SEBZE
313670.0,E,0.8,A25,HAL,MEYVE SEBZE
313670.0,E,2.75,A25,HAL,MEYVE SEBZE
313670.0,E,3.03,A25,HAL,MEYVE SEBZE
313670.0,E,1.93,A25,HAL,MEYVE SEBZE
313670.0,E,2.78,A25,HAL,MEYVE SEBZE
313670.0,E,1.28,A25,HAL,MEYVE SEBZE
313670.0,E,1.0,A25,HAL,MEYVE SEBZE
458492.0,E,2.5,A25,HAL,MEYVE SEBZE
26163.0,E,2.65,208,PRİL,DETERJAN TEMİZLİK
313670.0,E,90.66,235,KASAP,ET TAVUK
1014143.0,E,1.49,146,ÜLKER,GIDA
1014143.0,E,1.49,146,ÜLKER,GIDA
,,2.2,50, F SAFF,KAĞIT
,,2.2,50, F SAFF,KAĞIT
313670.0,E,2.93,A25,HAL,MEYVE SEBZE
141712.0,E,1.38,A25,HAL,MEYVE SEBZE
813633.0,E,2.0,146,ÜLKER,GIDA
711060.0,K,2.95,50, F SAFF,KAĞIT
458492.0,E,31.55,235,KASAP,ET TAVUK
458492.0,E,0.5,A25,HAL,MEYVE SEBZE
458492.0,E,0.98,A25,HAL,MEYVE SEBZE
458492.0,E,0.8,A25,HAL,MEYVE SEBZE
138861.0,E,6.5,173,PHILIP MORIS,SİGARA
138861.0,E,1.75,97,NESTLE,GIDA
458492.0,E,79.84,235,KASAP,ET TAVUK
,,3.75,52,FİLİZ,GIDA
221807.0,K,5.0,231,VİGOR,SİGARA
636045.0,K,0.8,A25,HAL,MEYVE SEBZE
512919.0,K,6.95,123,RAİD,DETERJAN TEMİZLİK
221807.0,K,1.86,A25,HAL,MEYVE SEBZE
118582.0,K,2.5,A25,HAL,MEYVE SEBZE
441907.0,K,0.98,A25,HAL,MEYVE SEBZE
636045.0,K,0.5,A25,HAL,MEYVE SEBZE
57467.0,E,6.0,199,B.A.T TEKEL,SİGARA
,,1.75,40,DR.OETKER,GIDA
1062086.0,E,2.9,260,KİNDER,GIDA
267311.0,E,0.65,50, F SAFF,KAĞIT
,,22.0,192,DAVIDOF,SİGARA
431839.0,K,3.41,A25,HAL,MEYVE SEBZE
431839.0,K,4.06,A25,HAL,MEYVE SEBZE
430511.0,E,6.75,137,SÜTAŞ,SÜT KAHVALTILIK
431839.0,K,2.07,A25,HAL,MEYVE SEBZE
172994.0,K,2.56,A25,HAL,MEYVE SEBZE
,,0.75,146,ÜLKER,GIDA
,,0.75,146,ÜLKER,GIDA
486646.0,E,1.95,260,KİNDER,GIDA
486646.0,E,1.6,260,KİNDER,GIDA
,,1.15,154,TADELLE,GIDA
,,1.15,154,TADELLE,GIDA
486646.0,E,1.0,44,ETİ,GIDA
17855.0,E,0.5,146,ÜLKER,GIDA
17855.0,E,0.5,146,ÜLKER,GIDA
39583.0,E,6.0,163,JTİ,SİGARA
486646.0,E,1.0,44,ETİ,GIDA
486646.0,E,1.75,97,NESTLE,GIDA
486646.0,E,1.5,146,ÜLKER,GIDA
303613.0,K,5.25,217,NİVEA,KOZMETİK
17509.0,E,3.0,146,ÜLKER,GIDA
17509.0,E,2.25,146,ÜLKER,GIDA
936858.0,E,3.0,,,GIDA
584769.0,K,3.45,109,P.BAHÇE,EV
1056469.0,K,1.75,380,NASCİTA,KOZMETİK
224479.0,K,0.99,59,HALK,GIDA
351249.0,K,0.5,44,ETİ,GIDA
351249.0,K,0.5,44,ETİ,GIDA
289485.0,K,0.44,A25,HAL,MEYVE SEBZE
479192.0,E,0.78,A25,HAL,MEYVE SEBZE
970596.0,E,1.9,354,PAŞAKÖY,SÜT KAHVALTILIK
,,2.12,,,
,,2.4,A25,HAL,MEYVE SEBZE
17509.0,E,3.04,A25,HAL,MEYVE SEBZE
,,0.8,A25,HAL,MEYVE SEBZE
,,1.91,A25,HAL,MEYVE SEBZE
,,3.89,A25,HAL,MEYVE SEBZE
168766.0,K,4.9,222,SC.BRİTE,DETERJAN TEMİZLİK
17207.0,E,1.34,A25,HAL,MEYVE SEBZE
168766.0,K,0.99,5,ARBELLA,GIDA
168766.0,K,0.99,5,ARBELLA,GIDA
677180.0,E,2.35,A25,HAL,MEYVE SEBZE
479192.0,E,2.13,A25,HAL,MEYVE SEBZE
17207.0,E,1.45,260,KİNDER,GIDA
17207.0,E,1.49,146,ÜLKER,GIDA
17207.0,E,11.5,39,DOĞUŞ,İÇECEK
17207.0,E,0.69,228,TENO,KAĞIT
168766.0,K,9.94,A25,HAL,MEYVE SEBZE
168766.0,K,5.6,,,ET TAVUK
936858.0,E,28.62,235,KASAP,ET TAVUK
17207.0,E,3.0,,,GIDA
168766.0,K,4.0,81,KNORR,GIDA
936858.0,E,2.4,19,BEYPAZARI,İÇECEK
168766.0,K,8.5,103,OLİN,GIDA
168766.0,K,8.5,103,OLİN,GIDA
168766.0,K,9.0,18,BETA,İÇECEK
17509.0,E,6.75,118,PINAR,ET TAVUK
17509.0,E,6.25,49, F NEFFİS,SÜT KAHVALTILIK
17509.0,E,5.11,A25,HAL,MEYVE SEBZE
936858.0,E,3.0,146,ÜLKER,GIDA
936858.0,E,3.4,77,KARTAL,GIDA
53.0,K,1.0,44,ETİ,GIDA
1667.0,K,0.75,44,ETİ,GIDA
1667.0,K,1.75,146,ÜLKER,GIDA
53.0,K,0.9,67,İÇİM SEHER,SÜT KAHVALTILIK
53.0,K,0.9,67,İÇİM SEHER,SÜT KAHVALTILIK
1667.0,K,0.5,44,ETİ,GIDA
1667.0,K,0.25,146,ÜLKER,GIDA
1667.0,K,2.75,146,ÜLKER,GIDA
1667.0,K,0.5,146,ÜLKER,GIDA
1667.0,K,0.5,146,ÜLKER,GIDA
904617.0,E,2.0,44,ETİ,GIDA
904617.0,E,2.0,44,ETİ,GIDA
1667.0,K,1.0,44,ETİ,GIDA
1667.0,K,1.0,44,ETİ,GIDA
1667.0,K,2.7,44,ETİ,GIDA
1667.0,K,2.0,44,ETİ,GIDA
63551.0,E,0.5,146,ÜLKER,İÇECEK
453449.0,K,1.8,,,GIDA
63551.0,E,0.5,44,ETİ,GIDA
931401.0,E,2.39,118,PINAR,SÜT KAHVALTILIK
729052.0,K,1.0,361,BİLLUR,GIDA
823.0,K,0.9,,,GIDA
54633.0,K,2.15,130,SEK,SÜT KAHVALTILIK
54633.0,K,1.6,118,PINAR,ET TAVUK
823.0,K,0.9,,,GIDA
8823.0,E,0.35,43,ERİKLİ,İÇECEK
729052.0,K,3.19,30,COCO COLA,İÇECEK
845541.0,K,3.19,30,COCO COLA,İÇECEK
345589.0,E,2.7,,,GIDA
786931.0,K,0.25,146,ÜLKER,GIDA
312023.0,K,0.99,146,ÜLKER,GIDA
916598.0,K,0.75,140,TAMEK,İÇECEK
916598.0,K,0.75,140,TAMEK,İÇECEK
916598.0,K,0.75,140,TAMEK,İÇECEK
916598.0,K,4.5,83,KOSKA,SÜT KAHVALTILIK
819032.0,E,2.0,134,SULTAN,GIDA
819032.0,E,1.5,28,CAPPY,İÇECEK
819032.0,E,0.95,81,KNORR,GIDA
312023.0,K,1.5,126,SARAY,GIDA
819032.0,E,1.65,137,SÜTAŞ,SÜT KAHVALTILIK
1023.0,E,1.0,44,ETİ,GIDA
1023.0,E,1.0,44,ETİ,GIDA
1023.0,E,0.25,146,ÜLKER,GIDA
1023.0,E,1.8,,,GIDA
939224.0,E,0.7,43,ERİKLİ,İÇECEK
986860.0,E,0.5,44,ETİ,GIDA
986860.0,E,0.45,118,PINAR,İÇECEK
986860.0,E,0.25,44,ETİ,GIDA
1008227.0,E,3.99,205,EMEK YAĞ,GIDA
121285.0,E,2.85,28,CAPPY,İÇECEK
384602.0,K,1.8,,,GIDA
853801.0,E,0.75,44,ETİ,GIDA
853801.0,E,0.75,44,ETİ,GIDA
853801.0,E,0.5,146,ÜLKER,İÇECEK
753435.0,K,2.45,30,COCO COLA,İÇECEK
213255.0,K,3.75,88,LİPTON,İÇECEK
936858.0,E,6.95,A25,HAL,MEYVE SEBZE
936858.0,E,5.07,A25,HAL,MEYVE SEBZE
,,5.65,172,BURDAN,SÜT KAHVALTILIK
928390.0,E,0.8,A25,HAL,MEYVE SEBZE
928390.0,E,1.9,A25,HAL,MEYVE SEBZE
55834.0,E,5.9,383,ARKO,KOZMETİK
584769.0,K,0.69,228,TENO,KAĞIT
584769.0,K,0.69,228,TENO,KAĞIT
584769.0,K,0.69,228,TENO,KAĞIT
584769.0,K,0.69,228,TENO,KAĞIT
,,5.95,130,SEK,SÜT KAHVALTILIK
573904.0,K,2.3,39,DOĞUŞ,İÇECEK
105168.0,E,8.0,173,PHILIP MORIS,SİGARA
318016.0,E,0.9,,,GIDA
513200.0,K,0.5,146,ÜLKER,GIDA
806929.0,K,3.7,,,ET TAVUK
806929.0,K,1.0,44,ETİ,GIDA
806929.0,K,0.75,146,ÜLKER,İÇECEK
213255.0,K,1.0,146,ÜLKER,GIDA
213255.0,K,1.0,146,ÜLKER,GIDA
8960.0,E,6.0,163,JTİ,SİGARA
213255.0,K,4.75,49, F NEFFİS,İÇECEK
213255.0,K,2.15,345,ALTINCEZVE,İÇECEK
213255.0,K,2.15,345,ALTINCEZVE,İÇECEK
213255.0,K,2.15,345,ALTINCEZVE,İÇECEK
213255.0,K,2.15,345,ALTINCEZVE,İÇECEK
213255.0,K,2.15,345,ALTINCEZVE,İÇECEK
1064228.0,E,12.9,101,NUTELLA,SÜT KAHVALTILIK
235910.0,K,0.45,146,ÜLKER,İÇECEK
936114.0,K,2.83,145,UNO,GIDA
936114.0,K,1.45,260,KİNDER,GIDA
936114.0,K,1.45,260,KİNDER,GIDA
936114.0,K,1.45,260,KİNDER,GIDA
936114.0,K,2.15,130,SEK,SÜT KAHVALTILIK
527543.0,K,1.2,44,ETİ,GIDA
525132.0,K,0.45,146,ÜLKER,İÇECEK
525132.0,K,0.45,146,ÜLKER,İÇECEK
2050.0,K,0.3,146,ÜLKER,İÇECEK
936114.0,K,1.95,30,COCO COLA,İÇECEK
953523.0,K,0.35,43,ERİKLİ,İÇECEK
135895.0,E,23.35,318,DALİN,BEBEK
135895.0,E,23.35,318,DALİN,BEBEK
981.0,E,1.8,,,GIDA
584769.0,K,1.45,113,PASTAVİLLA,GIDA
584769.0,K,1.45,113,PASTAVİLLA,GIDA
1056469.0,K,3.95,166,HUNCA,KOZMETİK
1056469.0,K,8.9,217,NİVEA,KOZMETİK
56156.0,E,10.0,173,PHILIP MORIS,SİGARA
1056469.0,K,7.95,217,NİVEA,KOZMETİK
584769.0,K,0.69,228,TENO,KAĞIT
584769.0,K,0.69,228,TENO,KAĞIT
584769.0,K,0.69,228,TENO,KAĞIT
584769.0,K,0.69,228,TENO,KAĞIT
584769.0,K,0.69,228,TENO,KAĞIT
584769.0,K,0.69,228,TENO,KAĞIT
136616.0,E,5.5,163,JTİ,SİGARA
497335.0,K,2.25,263,REST,DETERJAN TEMİZLİK
497335.0,K,3.25,281,HYPO,DETERJAN TEMİZLİK
1002541.0,K,6.44,A25,HAL,MEYVE SEBZE
622804.0,E,2.08,A25,HAL,MEYVE SEBZE
266893.0,E,0.65,227,PAPİA,KAĞIT
68446.0,K,0.65,227,PAPİA,KAĞIT
1002541.0,K,6.0,199,B.A.T TEKEL,SİGARA
351249.0,K,10.9,215,SELPAK,KAĞIT
584769.0,K,14.25,32,ÇAYKUR,İÇECEK
584769.0,K,14.25,32,ÇAYKUR,İÇECEK
183701.0,K,6.5,173,PHILIP MORIS,SİGARA
497335.0,K,3.0,44,ETİ,GIDA
622804.0,E,1.41,A25,HAL,MEYVE SEBZE
520176.0,K,3.23,A25,HAL,MEYVE SEBZE
324879.0,K,0.59,,,
68446.0,K,0.65,50, F SAFF,KAĞIT
119245.0,K,4.25,354,PAŞAKÖY,SÜT KAHVALTILIK
520176.0,K,2.48,A25,HAL,MEYVE SEBZE
520176.0,K,4.94,A25,HAL,MEYVE SEBZE
266893.0,E,1.8,A25,HAL,MEYVE SEBZE
918963.0,E,6.9,341,YAHYAOĞLU,SÜT KAHVALTILIK
900349.0,K,3.45,237,BEBELAC,BEBEK
900349.0,K,3.45,237,BEBELAC,BEBEK
119245.0,K,4.9,32,ÇAYKUR,İÇECEK
900349.0,K,2.35,172,BURDAN,SÜT KAHVALTILIK
796164.0,K,1.53,A25,HAL,MEYVE SEBZE
351249.0,K,1.15,50, F SAFF,KAĞIT
918963.0,E,2.09,130,SEK,SÜT KAHVALTILIK
900349.0,K,0.9,A25,HAL,MEYVE SEBZE
420967.0,E,3.05,40,DR.OETKER,GIDA
900349.0,K,2.25,202,İPEK PAMUK,KOZMETİK
420967.0,E,0.75,40,DR.OETKER,GIDA
577894.0,K,2.95,298,FAİRY,DETERJAN TEMİZLİK
225450.0,K,25.95,175,CALGONIT,DETERJAN TEMİZLİK
577894.0,K,14.9,208,PRİL,DETERJAN TEMİZLİK
501314.0,E,2.61,A25,HAL,MEYVE SEBZE
501314.0,E,16.0,199,B.A.T TEKEL,SİGARA
242436.0,K,17.9,146,ÜLKER,GIDA
770770.0,E,3.2,32,ÇAYKUR,İÇECEK
501314.0,E,3.0,144,ULUDAĞ,İÇECEK
1025870.0,E,1.87,A25,HAL,MEYVE SEBZE
1025870.0,E,1.07,A25,HAL,MEYVE SEBZE
501314.0,E,1.46,A25,HAL,MEYVE SEBZE
1025870.0,E,1.35,A25,HAL,MEYVE SEBZE
420967.0,E,1.5,40,DR.OETKER,GIDA
143489.0,K,10.05,235,KASAP,ET TAVUK
324879.0,K,1.57,A25,HAL,MEYVE SEBZE
67685.0,E,0.9,,,
871530.0,K,19.95,152,YUDUM,GIDA
143489.0,K,1.6,A25,HAL,MEYVE SEBZE
143489.0,K,0.5,A25,HAL,MEYVE SEBZE
143489.0,K,0.8,A25,HAL,MEYVE SEBZE
143489.0,K,1.76,A25,HAL,MEYVE SEBZE
420967.0,E,2.0,40,DR.OETKER,GIDA
23262.0,E,6.0,163,JTİ,SİGARA
143489.0,K,16.5,231,VİGOR,SİGARA
829297.0,E,9.0,,,GIDA
143489.0,K,60.0,163,JTİ,SİGARA
853801.0,E,0.6,118,PINAR,İÇECEK
1674.0,K,0.5,146,ÜLKER,İÇECEK
259364.0,K,1.5,146,ÜLKER,GIDA
473555.0,K,2.7,,,GIDA
537620.0,K,1.8,,,GIDA
259364.0,K,3.95,44,ETİ,GIDA
10222.0,K,1.9,44,ETİ,GIDA
1035924.0,E,0.5,44,ETİ,GIDA
259364.0,K,0.99,146,ÜLKER,GIDA
259364.0,K,1.0,146,ÜLKER,GIDA
1035924.0,E,1.2,44,ETİ,GIDA
1035924.0,E,0.5,44,ETİ,GIDA
1035924.0,E,0.5,44,ETİ,GIDA
1028210.0,K,0.9,,,GIDA
1028210.0,K,1.0,134,SULTAN,GIDA
,,3.15,331,SİGNAL,KOZMETİK
394195.0,K,1.25,115,PEPSİ,İÇECEK
37116.0,E,17.5,295,ALO,DETERJAN TEMİZLİK
,,0.5,44,ETİ,GIDA
375407.0,K,2.39,118,PINAR,SÜT KAHVALTILIK
,,0.5,44,ETİ,GIDA
615126.0,K,1.95,59,HALK,SÜT KAHVALTILIK
97295.0,E,0.35,354,PAŞAKÖY,İÇECEK
457908.0,K,0.25,146,ÜLKER,GIDA
868112.0,E,1.8,,,GIDA
153404.0,E,0.5,146,ÜLKER,GIDA
153404.0,E,0.5,44,ETİ,GIDA
814268.0,E,2.75,118,PINAR,SÜT KAHVALTILIK
869396.0,K,1.69,49, F NEFFİS,SÜT KAHVALTILIK
153404.0,E,0.5,44,ETİ,GIDA
153404.0,E,0.5,146,ÜLKER,GIDA
260689.0,E,0.35,354,PAŞAKÖY,İÇECEK
632733.0,E,1.95,A02,TROPİCANO,İÇECEK
632733.0,E,1.95,A02,TROPİCANO,İÇECEK
60155.0,K,3.15,270,WEE,BEBEK
404861.0,K,11.9,229,TEST,DETERJAN TEMİZLİK
760610.0,K,0.65,146,ÜLKER,GIDA
760610.0,K,1.0,44,ETİ,GIDA
760610.0,K,0.5,44,ETİ,GIDA
633723.0,K,0.25,146,ÜLKER,GIDA
8890.0,K,2.39,67,İÇİM SEHER,SÜT KAHVALTILIK
416610.0,K,21.9,295,ALO,DETERJAN TEMİZLİK
416610.0,K,21.9,295,ALO,DETERJAN TEMİZLİK
8890.0,K,1.0,361,BİLLUR,GIDA
695798.0,K,2.25,28,CAPPY,İÇECEK
695798.0,K,0.5,44,ETİ,GIDA
695798.0,K,3.3,108,ÖZTEMİZEL,GIDA
695798.0,K,1.95,118,PINAR,İÇECEK
416610.0,K,1.25,44,ETİ,GIDA
1240.0,K,1.75,,,KOZMETİK
156595.0,K,4.56,A25,HAL,MEYVE SEBZE
23262.0,E,3.2,40,DR.OETKER,GIDA
,,3.53,A25,HAL,MEYVE SEBZE
,,2.85,A09,DURU BAKLIYAT,GIDA
871530.0,K,5.22,A25,HAL,MEYVE SEBZE
23262.0,E,0.5,A25,HAL,MEYVE SEBZE
23262.0,E,3.2,40,DR.OETKER,GIDA
21474.0,E,6.0,163,JTİ,SİGARA
1065564.0,K,0.99,5,ARBELLA,GIDA
1090644.0,K,0.4,,,
1065564.0,K,12.0,235,KASAP,ET TAVUK
1065564.0,K,2.29,A25,HAL,MEYVE SEBZE
1333.0,K,0.69,228,TENO,KAĞIT
1333.0,K,0.69,228,TENO,KAĞIT
,,0.3,227,PAPİA,KAĞIT
1333.0,K,1.25,50, F SAFF,KAĞIT
1065564.0,K,3.35,284,VİLEDA,DETERJAN TEMİZLİK
630672.0,E,4.9,97,NESTLE,İÇECEK
1065564.0,K,0.99,5,ARBELLA,GIDA
1065564.0,K,4.81,A25,HAL,MEYVE SEBZE
580049.0,K,10.0,173,PHILIP MORIS,SİGARA
630672.0,E,12.95,49, F NEFFİS,GIDA
630672.0,E,65.7,205,EMEK YAĞ,GIDA
210120.0,E,1.1,81,KNORR,GIDA
210120.0,E,1.1,81,KNORR,GIDA
426732.0,K,30.0,163,JTİ,SİGARA
426732.0,K,1.33,A25,HAL,MEYVE SEBZE
426732.0,K,2.3,144,ULUDAĞ,İÇECEK
426732.0,K,4.95,198,LAVACHE-KARPER,SÜT KAHVALTILIK
210120.0,E,5.75,152,YUDUM,GIDA
519105.0,K,10.0,173,PHILIP MORIS,SİGARA
840877.0,E,5.27,A25,HAL,MEYVE SEBZE
840877.0,E,21.87,A25,HAL,MEYVE SEBZE
840877.0,E,5.81,A25,HAL,MEYVE SEBZE
210120.0,E,1.45,113,PASTAVİLLA,GIDA
210120.0,E,6.75,137,SÜTAŞ,SÜT KAHVALTILIK
210120.0,E,0.75,146,ÜLKER,GIDA
210120.0,E,0.5,146,ÜLKER,GIDA
967993.0,E,8.0,163,JTİ,SİGARA
852715.0,K,13.11,,,BEBEK
616339.0,K,0.91,A25,HAL,MEYVE SEBZE
616339.0,K,1.71,A25,HAL,MEYVE SEBZE
840877.0,E,9.9,172,BURDAN,SÜT KAHVALTILIK
840877.0,E,7.75,32,ÇAYKUR,İÇECEK
210120.0,E,1.71,99,NOGAY,SÜT KAHVALTILIK
1333.0,K,1.25,50, F SAFF,KAĞIT
210120.0,E,1.9,218,SELİN,KAĞIT
210120.0,E,10.13,,,SÜT KAHVALTILIK
840877.0,E,2.5,A25,HAL,MEYVE SEBZE
840877.0,E,6.76,A25,HAL,MEYVE SEBZE
768280.0,K,2.47,A25,HAL,MEYVE SEBZE
768280.0,K,2.0,146,ÜLKER,GIDA
210120.0,E,3.85,172,BURDAN,SÜT KAHVALTILIK
12368.0,E,2.25,159,PİKNİK,EV
815714.0,K,4.06,A25,HAL,MEYVE SEBZE
545372.0,E,1.25,A25,HAL,MEYVE SEBZE
545372.0,E,1.25,A25,HAL,MEYVE SEBZE
545372.0,E,0.5,A25,HAL,MEYVE SEBZE
815714.0,K,2.98,A25,HAL,MEYVE SEBZE
815714.0,K,1.31,A25,HAL,MEYVE SEBZE
815714.0,K,1.95,A25,HAL,MEYVE SEBZE
815714.0,K,2.79,A25,HAL,MEYVE SEBZE
299415.0,K,0.85,77,KARTAL,GIDA
815714.0,K,2.62,A25,HAL,MEYVE SEBZE
815714.0,K,2.71,A25,HAL,MEYVE SEBZE
26739.0,E,4.25,363,BEŞLER,ET TAVUK
299415.0,K,1.0,,,EV
299415.0,K,1.0,,,EV
708054.0,E,3.0,144,ULUDAĞ,İÇECEK
815714.0,K,3.95,137,SÜTAŞ,SÜT KAHVALTILIK
545372.0,E,0.5,A25,HAL,MEYVE SEBZE
545372.0,E,0.8,A25,HAL,MEYVE SEBZE
545372.0,E,0.8,A25,HAL,MEYVE SEBZE
1064228.0,E,2.6,144,ULUDAĞ,İÇECEK
751995.0,K,7.9,209,PERSİL,DETERJAN TEMİZLİK
638811.0,E,0.55,36,DİMES,İÇECEK
580532.0,K,0.25,44,ETİ,GIDA
642690.0,E,4.95,145,UNO,GIDA
642690.0,E,4.95,145,UNO,GIDA
,,51.95,372,TARİŞ,GIDA
7527.0,K,1.75,,,GIDA
9347.0,E,3.95,146,ÜLKER,GIDA
17971.0,K,3.95,331,SİGNAL,KOZMETİK
118628.0,K,2.5,49, F NEFFİS,İÇECEK
9279.0,E,0.45,271,IŞIL,GIDA
17971.0,K,3.25,289,SAYAN,EV
17971.0,K,3.25,289,SAYAN,EV
17971.0,K,3.25,289,SAYAN,EV
17971.0,K,3.25,289,SAYAN,EV
9347.0,E,1.6,118,PINAR,İÇECEK
342529.0,K,1.95,191,ACTİVEX,KOZMETİK
118628.0,K,1.15,20,BİZDEN,GIDA
9347.0,E,2.15,130,SEK,SÜT KAHVALTILIK
151181.0,E,0.75,44,ETİ,GIDA
1030957.0,K,1.49,40,DR.OETKER,GIDA
1047579.0,E,2.5,146,ÜLKER,GIDA
1047579.0,E,5.75,210,TURSİL,DETERJAN TEMİZLİK
,,1.5,30,COCO COLA,İÇECEK
1030957.0,K,2.39,118,PINAR,SÜT KAHVALTILIK
1030957.0,K,2.39,118,PINAR,SÜT KAHVALTILIK
1030957.0,K,2.39,118,PINAR,SÜT KAHVALTILIK
330461.0,E,3.45,189,DURU,KOZMETİK
417750.0,K,1.0,146,ÜLKER,GIDA
8809.0,E,1.0,44,ETİ,GIDA
417750.0,K,1.0,44,ETİ,GIDA
57871.0,K,2.85,28,CAPPY,İÇECEK
153426.0,E,0.75,141,TAT,İÇECEK
153426.0,E,0.75,141,TAT,İÇECEK
503553.0,E,0.75,141,TAT,İÇECEK
868.0,K,12.5,315,ORAL B,KOZMETİK
8809.0,E,2.15,204,ŞÖLEN,GIDA
330461.0,E,6.95,83,KOSKA,SÜT KAHVALTILIK
330461.0,E,5.65,83,KOSKA,SÜT KAHVALTILIK
26483.0,K,0.5,9,AROMA,İÇECEK
26483.0,K,0.5,9,AROMA,İÇECEK
503553.0,E,0.5,146,ÜLKER,İÇECEK
139078.0,K,1.8,,,GIDA
580260.0,E,0.65,137,SÜTAŞ,İÇECEK
57871.0,K,3.19,30,COCO COLA,İÇECEK
57871.0,K,2.45,30,COCO COLA,İÇECEK
232863.0,K,23.9,332,OMO,DETERJAN TEMİZLİK
580260.0,E,1.49,40,DR.OETKER,GIDA
928822.0,E,22.6,109,P.BAHÇE,EV
923704.0,E,2.35,378,LOFÇALI,DETERJAN TEMİZLİK
507580.0,K,0.25,49, F NEFFİS,İÇECEK
213016.0,E,0.75,44,ETİ,GIDA
658.0,K,2.4,98,NİX,DETERJAN TEMİZLİK
213016.0,E,2.15,204,ŞÖLEN,GIDA
268404.0,K,1.0,44,ETİ,GIDA
268404.0,K,0.5,44,ETİ,GIDA
213016.0,E,2.15,204,ŞÖLEN,GIDA
268404.0,K,0.5,146,ÜLKER,GIDA
268404.0,K,0.5,146,ÜLKER,GIDA
299415.0,K,0.85,77,KARTAL,GIDA
268404.0,K,1.0,44,ETİ,GIDA
268404.0,K,0.5,44,ETİ,GIDA
268404.0,K,1.85,361,BİLLUR,GIDA
268404.0,K,1.6,118,PINAR,SÜT KAHVALTILIK
268404.0,K,1.6,118,PINAR,SÜT KAHVALTILIK
268404.0,K,2.15,118,PINAR,ET TAVUK
268404.0,K,2.15,118,PINAR,ET TAVUK
627867.0,K,2.99,58,H.ŞAKİR,KOZMETİK
496650.0,K,2.15,43,ERİKLİ,İÇECEK
997726.0,K,3.99,205,EMEK YAĞ,GIDA
377807.0,K,3.75,218,SELİN,KOZMETİK
864147.0,K,0.3,146,ÜLKER,İÇECEK
864147.0,K,7.03,,,SÜT KAHVALTILIK
630198.0,K,0.9,,,GIDA
750995.0,E,1.5,351,ABC,DETERJAN TEMİZLİK
860520.0,E,4.25,44,ETİ,GIDA
604037.0,K,1.75,,,GIDA
898837.0,K,1.69,49, F NEFFİS,SÜT KAHVALTILIK
898837.0,K,12.35,365,BORCAM,EV
157079.0,K,4.0,146,ÜLKER,GIDA
1057932.0,K,0.5,146,ÜLKER,İÇECEK
1057932.0,K,1.0,146,ÜLKER,GIDA
1018960.0,K,1.6,118,PINAR,ET TAVUK
1018960.0,K,1.6,118,PINAR,ET TAVUK
56838.0,K,0.35,43,ERİKLİ,İÇECEK
56838.0,K,0.35,43,ERİKLİ,İÇECEK
708035.0,K,0.99,59,HALK,GIDA
708035.0,K,0.99,59,HALK,GIDA
244625.0,K,9.1,205,EMEK YAĞ,GIDA
708035.0,K,1.65,108,ÖZTEMİZEL,GIDA
708035.0,K,1.65,108,ÖZTEMİZEL,GIDA
708035.0,K,3.95,146,ÜLKER,GIDA
708035.0,K,0.99,59,HALK,GIDA
708035.0,K,0.99,59,HALK,GIDA
708035.0,K,1.0,361,BİLLUR,GIDA
708035.0,K,1.0,361,BİLLUR,GIDA
708035.0,K,6.43,,,SÜT KAHVALTILIK
708035.0,K,3.95,146,ÜLKER,GIDA
862565.0,E,1.6,146,ÜLKER,GIDA
862565.0,E,1.69,49, F NEFFİS,SÜT KAHVALTILIK
862565.0,E,0.9,,,GIDA
687794.0,K,2.39,67,İÇİM SEHER,SÜT KAHVALTILIK
687794.0,K,1.75,130,SEK,İÇECEK
687794.0,K,1.75,130,SEK,İÇECEK
935977.0,K,0.7,43,ERİKLİ,İÇECEK
687794.0,K,0.9,,,GIDA
63525.0,E,0.9,,,GIDA
46194.0,E,1.9,44,ETİ,GIDA
137702.0,E,0.9,,,GIDA
267311.0,E,2.0,146,ÜLKER,GIDA
389152.0,K,10.0,173,PHILIP MORIS,SİGARA
389152.0,K,10.0,173,PHILIP MORIS,SİGARA
145214.0,E,4.95,39,DOĞUŞ,İÇECEK
389152.0,K,6.35,118,PINAR,SÜT KAHVALTILIK
389152.0,K,4.45,172,BURDAN,SÜT KAHVALTILIK
678396.0,K,4.85,341,YAHYAOĞLU,SÜT KAHVALTILIK
815714.0,K,2.78,,,
299415.0,K,0.7,,,
217469.0,E,2.75,137,SÜTAŞ,SÜT KAHVALTILIK
936542.0,E,0.5,146,ÜLKER,GIDA
217469.0,E,2.3,144,ULUDAĞ,İÇECEK
714882.0,K,9.5,173,PHILIP MORIS,SİGARA
1040169.0,E,22.7,205,EMEK YAĞ,GIDA
217469.0,E,2.3,144,ULUDAĞ,İÇECEK
774689.0,K,3.0,136,SUPER FRESH,GIDA
774689.0,K,3.0,136,SUPER FRESH,GIDA
504821.0,E,1.69,A25,HAL,MEYVE SEBZE
504821.0,E,2.08,A25,HAL,MEYVE SEBZE
504821.0,E,1.2,A25,HAL,MEYVE SEBZE
217469.0,E,6.75,228,TENO,KAĞIT
217469.0,E,9.9,226,FAMİLY,KAĞIT
504821.0,E,1.2,A25,HAL,MEYVE SEBZE
348844.0,E,4.35,136,SUPER FRESH,GIDA
774689.0,K,6.35,118,PINAR,SÜT KAHVALTILIK
348844.0,E,4.35,136,SUPER FRESH,GIDA
348844.0,E,4.35,136,SUPER FRESH,GIDA
348844.0,E,4.35,136,SUPER FRESH,GIDA
346541.0,K,4.6,154,TADELLE,GIDA
346541.0,K,3.64,A25,HAL,MEYVE SEBZE
318721.0,K,3.65,97,NESTLE,GIDA
504821.0,E,2.41,,,
318721.0,K,2.5,146,ÜLKER,GIDA
3554.0,E,6.44,A25,HAL,MEYVE SEBZE
123696.0,E,8.27,A25,HAL,MEYVE SEBZE
123696.0,E,3.11,A25,HAL,MEYVE SEBZE
123696.0,E,8.32,A25,HAL,MEYVE SEBZE
123696.0,E,5.36,A25,HAL,MEYVE SEBZE
774689.0,K,1.23,A25,HAL,MEYVE SEBZE
123696.0,E,1.98,A25,HAL,MEYVE SEBZE
123696.0,E,0.75,A25,HAL,MEYVE SEBZE
346541.0,K,7.49,A25,HAL,MEYVE SEBZE
656587.0,K,2.1,118,PINAR,SÜT KAHVALTILIK
346541.0,K,1.0,146,ÜLKER,GIDA
346541.0,K,1.98,146,ÜLKER,GIDA
123696.0,E,1.0,A25,HAL,MEYVE SEBZE
123696.0,E,3.15,A25,HAL,MEYVE SEBZE
123696.0,E,2.5,A25,HAL,MEYVE SEBZE
943894.0,E,5.5,192,DAVIDOF,SİGARA
943894.0,E,5.5,192,DAVIDOF,SİGARA
,,3.6,,,GIDA
143442.0,K,0.35,44,ETİ,GIDA
143442.0,K,0.35,44,ETİ,GIDA
143442.0,K,0.5,44,ETİ,GIDA
762487.0,E,0.75,146,ÜLKER,GIDA
762487.0,E,0.75,146,ÜLKER,GIDA
762487.0,E,0.75,146,ÜLKER,GIDA
762487.0,E,4.0,146,ÜLKER,GIDA
762487.0,E,2.5,44,ETİ,GIDA
762487.0,E,3.75,44,ETİ,GIDA
659829.0,E,3.5,109,P.BAHÇE,EV
659829.0,E,3.5,109,P.BAHÇE,EV
762487.0,E,1.75,,,GIDA
762487.0,E,2.0,146,ÜLKER,GIDA
745589.0,K,6.45,315,ORAL B,KOZMETİK
584849.0,K,7.95,328,REXONA,KOZMETİK
726953.0,K,9.45,83,KOSKA,SÜT KAHVALTILIK
762487.0,E,1.0,361,BİLLUR,GIDA
459477.0,K,0.25,23,BURÇ,İÇECEK
263592.0,K,1.0,44,ETİ,GIDA
263592.0,K,0.5,44,ETİ,GIDA
570429.0,K,0.35,43,ERİKLİ,İÇECEK
570429.0,K,0.35,43,ERİKLİ,İÇECEK
263592.0,K,0.5,44,ETİ,GIDA
710931.0,K,1.2,44,ETİ,GIDA
710931.0,K,1.2,44,ETİ,GIDA
212191.0,E,1.8,,,GIDA
991341.0,E,2.35,137,SÜTAŞ,İÇECEK
478301.0,K,1.3,49, F NEFFİS,İÇECEK
26672.0,E,1.5,50, F SAFF,DETERJAN TEMİZLİK
951710.0,E,0.25,49, F NEFFİS,İÇECEK
458232.0,E,1.6,118,PINAR,ET TAVUK
443599.0,K,0.25,44,ETİ,GIDA
443599.0,K,0.25,44,ETİ,GIDA
350200.0,E,1.0,146,ÜLKER,GIDA
350200.0,E,0.25,146,ÜLKER,GIDA
350200.0,E,0.25,146,ÜLKER,GIDA
350200.0,E,0.25,146,ÜLKER,GIDA
350200.0,E,0.25,146,ÜLKER,GIDA
941080.0,K,2.7,,,GIDA
941080.0,K,2.7,,,GIDA
941080.0,K,0.9,,,GIDA
443599.0,K,1.8,,,GIDA
350200.0,E,0.75,146,ÜLKER,GIDA
350200.0,E,1.0,146,ÜLKER,GIDA
350200.0,E,0.5,146,ÜLKER,GIDA
350200.0,E,0.25,146,ÜLKER,GIDA
350200.0,E,0.25,146,ÜLKER,GIDA
350200.0,E,0.25,146,ÜLKER,GIDA
350200.0,E,2.15,130,SEK,SÜT KAHVALTILIK
350200.0,E,2.15,130,SEK,SÜT KAHVALTILIK
769992.0,K,1.5,30,COCO COLA,İÇECEK
587010.0,K,6.55,,,SÜT KAHVALTILIK
563035.0,K,5.25,320,CİF,DETERJAN TEMİZLİK
443599.0,K,1.5,44,ETİ,GIDA
350200.0,E,1.0,44,ETİ,GIDA
350200.0,E,1.0,44,ETİ,GIDA
587010.0,K,6.49,,,SÜT KAHVALTILIK
267311.0,E,2.0,146,ÜLKER,GIDA
970596.0,E,0.4,44,ETİ,GIDA
479192.0,E,2.65,355,ART CRAF,EV
479192.0,E,3.75,320,CİF,DETERJAN TEMİZLİK
267311.0,E,1.65,348,AYTAÇ,İÇECEK
267311.0,E,1.65,348,AYTAÇ,İÇECEK
,,1.4,44,ETİ,GIDA
252326.0,E,2.95,276,RETBUL,İÇECEK
123696.0,E,3.25,151,YÖRSAN,SÜT KAHVALTILIK
872853.0,E,7.65,77,KARTAL,GIDA
630222.0,K,6.0,199,B.A.T TEKEL,SİGARA
840706.0,K,8.5,163,JTİ,SİGARA
227474.0,E,1.48,A25,HAL,MEYVE SEBZE
402395.0,K,41.83,235,KASAP,ET TAVUK
17769.0,K,2.5,146,ÜLKER,GIDA
1082290.0,K,2.95,298,FAİRY,DETERJAN TEMİZLİK
227474.0,E,12.38,235,KASAP,ET TAVUK
315150.0,E,0.79,219,SERVİS,KAĞIT
315150.0,E,0.79,219,SERVİS,KAĞIT
227474.0,E,2.97,A25,HAL,MEYVE SEBZE
124907.0,K,4.36,A25,HAL,MEYVE SEBZE
168735.0,K,1.35,219,SERVİS,KAĞIT
360017.0,K,1.0,97,NESTLE,GIDA
1045512.0,K,3.5,A25,HAL,MEYVE SEBZE
28816.0,E,1.49,146,ÜLKER,GIDA
598947.0,K,4.85,341,YAHYAOĞLU,SÜT KAHVALTILIK
598947.0,K,4.85,341,YAHYAOĞLU,SÜT KAHVALTILIK
943548.0,K,4.15,37,DOĞADAN,İÇECEK
965741.0,K,3.0,155,FANTA,İÇECEK
1008951.0,E,0.55,144,ULUDAĞ,İÇECEK
1008951.0,E,0.55,144,ULUDAĞ,İÇECEK
10531.0,K,1.25,204,ŞÖLEN,GIDA
5734.0,E,0.75,79,KENT,GIDA
,,1.28,A25,HAL,MEYVE SEBZE
8978.0,K,6.5,173,PHILIP MORIS,SİGARA
,,3.79,A25,HAL,MEYVE SEBZE
331969.0,E,16.0,173,PHILIP MORIS,SİGARA
,,1.48,A25,HAL,MEYVE SEBZE
5734.0,E,0.75,79,KENT,GIDA
691617.0,K,4.85,341,YAHYAOĞLU,SÜT KAHVALTILIK
580532.0,K,1.0,204,ŞÖLEN,GIDA
,,4.45,172,BURDAN,SÜT KAHVALTILIK
,,1.3,A25,HAL,MEYVE SEBZE
,,3.2,354,PAŞAKÖY,SÜT KAHVALTILIK
,,6.5,173,PHILIP MORIS,SİGARA
,,6.5,173,PHILIP MORIS,SİGARA
7527.0,K,4.9,235,KASAP,ET TAVUK
7527.0,K,2.35,151,YÖRSAN,SÜT KAHVALTILIK
9347.0,E,3.95,137,SÜTAŞ,SÜT KAHVALTILIK
9279.0,E,1.5,146,ÜLKER,GIDA
909898.0,K,2.15,84,KOTEX,KAĞIT
342529.0,K,0.96,A25,HAL,MEYVE SEBZE
151181.0,E,0.65,A25,HAL,MEYVE SEBZE
1247.0,E,2.85,A09,DURU BAKLIYAT,GIDA
1030957.0,K,12.85,369,ÇOTONAK,GIDA
151181.0,E,5.25,99,NOGAY,SÜT KAHVALTILIK
1030957.0,K,0.5,A25,HAL,MEYVE SEBZE
17971.0,K,5.5,289,SAYAN,EV
151181.0,E,0.67,A25,HAL,MEYVE SEBZE
151181.0,E,1.29,A25,HAL,MEYVE SEBZE
1030957.0,K,3.99,133,SÖKE,GIDA
832278.0,K,0.5,A25,HAL,MEYVE SEBZE
330461.0,E,1.02,A25,HAL,MEYVE SEBZE
832278.0,K,2.32,A25,HAL,MEYVE SEBZE
946577.0,K,12.09,235,KASAP,ET TAVUK
342529.0,K,18.9,226,FAMİLY,KAĞIT
330461.0,E,1.75,263,REST,DETERJAN TEMİZLİK
832278.0,K,1.32,A25,HAL,MEYVE SEBZE
330461.0,E,2.9,113,PASTAVİLLA,GIDA
330461.0,E,1.45,113,PASTAVİLLA,GIDA
417750.0,K,1.1,97,NESTLE,GIDA
8809.0,E,2.4,19,BEYPAZARI,İÇECEK
330461.0,E,2.95,322,DOMESTOS,DETERJAN TEMİZLİK
868485.0,E,1.9,40,DR.OETKER,GIDA
1025099.0,E,2.35,172,BURDAN,SÜT KAHVALTILIK
417750.0,K,1.0,146,ÜLKER,GIDA
417750.0,K,1.75,97,NESTLE,GIDA
417750.0,K,18.09,235,KASAP,ET TAVUK
417750.0,K,16.68,235,KASAP,ET TAVUK
1030957.0,K,5.25,137,SÜTAŞ,SÜT KAHVALTILIK
57871.0,K,0.75,146,ÜLKER,GIDA
57871.0,K,1.35,49, F NEFFİS,GIDA
503553.0,E,3.45,39,DOĞUŞ,İÇECEK
57871.0,K,0.75,146,ÜLKER,GIDA
57871.0,K,4.85,341,YAHYAOĞLU,SÜT KAHVALTILIK
57871.0,K,1.8,A25,HAL,MEYVE SEBZE
232863.0,K,1.25,146,ÜLKER,GIDA
868.0,K,8.95,309,GILLETTE,KOZMETİK
503553.0,E,1.0,146,ÜLKER,GIDA
57871.0,K,0.69,228,TENO,KAĞIT
503553.0,E,3.53,A25,HAL,MEYVE SEBZE
576784.0,E,2.85,A25,HAL,MEYVE SEBZE
360017.0,K,1.0,44,ETİ,GIDA
1045683.0,E,5.13,A25,HAL,MEYVE SEBZE
360017.0,K,1.0,204,ŞÖLEN,GIDA
377137.0,E,9.7,,,SÜT KAHVALTILIK
69483.0,E,3.87,A25,HAL,MEYVE SEBZE
576784.0,E,4.14,A25,HAL,MEYVE SEBZE
69483.0,E,0.5,A25,HAL,MEYVE SEBZE
719512.0,K,0.99,5,ARBELLA,GIDA
660975.0,K,0.75,146,ÜLKER,GIDA
2693.0,K,3.8,97,NESTLE,SÜT KAHVALTILIK
719512.0,K,3.85,172,BURDAN,SÜT KAHVALTILIK
719512.0,K,1.41,A25,HAL,MEYVE SEBZE
8809.0,E,2.25,146,ÜLKER,GIDA
26483.0,K,0.5,146,ÜLKER,GIDA
691401.0,K,3.0,,,GIDA
875764.0,K,3.7,A25,HAL,MEYVE SEBZE
330461.0,E,9.45,175,CALGONIT,DETERJAN TEMİZLİK
330461.0,E,1.99,320,CİF,DETERJAN TEMİZLİK
374515.0,E,2.3,144,ULUDAĞ,İÇECEK
503553.0,E,1.15,,,
503553.0,E,1.15,,,
1081330.0,K,0.35,227,PAPİA,KAĞIT
57871.0,K,1.25,50, F SAFF,KAĞIT
503553.0,E,1.35,A25,HAL,MEYVE SEBZE
503553.0,E,1.05,A25,HAL,MEYVE SEBZE
139078.0,K,3.03,A25,HAL,MEYVE SEBZE
691401.0,K,9.27,235,KASAP,ET TAVUK
1025099.0,E,3.95,137,SÜTAŞ,SÜT KAHVALTILIK
503553.0,E,2.1,341,YAHYAOĞLU,SÜT KAHVALTILIK
139078.0,K,2.35,172,BURDAN,SÜT KAHVALTILIK
580260.0,E,1.38,A25,HAL,MEYVE SEBZE
139078.0,K,1.31,A25,HAL,MEYVE SEBZE
580260.0,E,0.33,A25,HAL,MEYVE SEBZE
580260.0,E,0.25,146,ÜLKER,GIDA
374515.0,E,2.85,49, F NEFFİS,SÜT KAHVALTILIK
923704.0,E,5.0,231,VİGOR,SİGARA
580260.0,E,0.72,A25,HAL,MEYVE SEBZE
580260.0,E,0.15,A25,HAL,MEYVE SEBZE
580260.0,E,0.58,A25,HAL,MEYVE SEBZE
139078.0,K,1.46,A25,HAL,MEYVE SEBZE
580260.0,E,2.1,118,PINAR,SÜT KAHVALTILIK
580260.0,E,9.5,341,YAHYAOĞLU,SÜT KAHVALTILIK
580260.0,E,0.24,,,
923704.0,E,9.9,183,KOSLA,DETERJAN TEMİZLİK
970458.0,E,9.75,319,SESU,KOZMETİK
479878.0,E,6.25,187,JOHNSON BABY,KOZMETİK
479878.0,E,8.5,187,JOHNSON BABY,KOZMETİK
213016.0,E,6.5,173,PHILIP MORIS,SİGARA
970458.0,E,8.9,217,NİVEA,KOZMETİK
970458.0,E,8.9,217,NİVEA,KOZMETİK
,,3.0,,,GIDA
268404.0,K,0.4,144,ULUDAĞ,İÇECEK
268404.0,K,3.25,19,BEYPAZARI,İÇECEK
268404.0,K,1.15,154,TADELLE,GIDA
268404.0,K,1.15,154,TADELLE,GIDA
268404.0,K,3.25,260,KİNDER,GIDA
268404.0,K,1.45,260,KİNDER,GIDA
997726.0,K,1.65,A25,HAL,MEYVE SEBZE
268404.0,K,1.45,260,KİNDER,GIDA
496650.0,K,0.25,146,ÜLKER,GIDA
496650.0,K,0.25,146,ÜLKER,GIDA
496650.0,K,1.5,146,ÜLKER,GIDA
997726.0,K,1.07,A25,HAL,MEYVE SEBZE
997726.0,K,100.0,173,PHILIP MORIS,SİGARA
997726.0,K,100.0,173,PHILIP MORIS,SİGARA
17207.0,E,1.0,134,SULTAN,GIDA
17509.0,E,2.5,44,ETİ,GIDA
168766.0,K,3.15,299,SENPİLİÇ,ET TAVUK
,,1.0,44,ETİ,GIDA
17207.0,E,0.25,146,ÜLKER,GIDA
17207.0,E,0.25,146,ÜLKER,GIDA
719512.0,K,5.75,152,YUDUM,GIDA
137644.0,E,6.3,105,ORKİD,KAĞIT
2693.0,K,3.2,32,ÇAYKUR,İÇECEK
659639.0,K,1.0,97,NESTLE,GIDA
659639.0,K,1.0,97,NESTLE,GIDA
491372.0,K,2.0,132,SİNANGİL,GIDA
895855.0,K,14.95,32,ÇAYKUR,İÇECEK
,,4.63,A25,HAL,MEYVE SEBZE
864772.0,K,3.0,,,GIDA
659639.0,K,1.75,146,ÜLKER,GIDA
964247.0,K,1.85,A25,HAL,MEYVE SEBZE
339093.0,K,9.25,205,EMEK YAĞ,GIDA
964247.0,K,2.81,A25,HAL,MEYVE SEBZE
964247.0,K,6.64,A25,HAL,MEYVE SEBZE
9365.0,E,9.5,341,YAHYAOĞLU,SÜT KAHVALTILIK
964247.0,K,5.79,A25,HAL,MEYVE SEBZE
964247.0,K,10.43,146,ÜLKER,GIDA
229459.0,K,1.98,A25,HAL,MEYVE SEBZE
587549.0,E,10.0,173,PHILIP MORIS,SİGARA
964247.0,K,3.95,137,SÜTAŞ,SÜT KAHVALTILIK
895259.0,E,1.49,146,ÜLKER,GIDA
587549.0,E,7.99,49, F NEFFİS,İÇECEK
587549.0,E,7.99,49, F NEFFİS,İÇECEK
587549.0,E,7.99,49, F NEFFİS,İÇECEK
587549.0,E,7.99,49, F NEFFİS,İÇECEK
895259.0,E,0.95,97,NESTLE,İÇECEK
587549.0,E,2.25,57,GÖKÇE,İÇECEK
587549.0,E,2.25,57,GÖKÇE,İÇECEK
895259.0,E,0.58,A25,HAL,MEYVE SEBZE
895259.0,E,0.81,A25,HAL,MEYVE SEBZE
895259.0,E,2.24,A25,HAL,MEYVE SEBZE
895259.0,E,0.79,A25,HAL,MEYVE SEBZE
964247.0,K,4.9,172,BURDAN,SÜT KAHVALTILIK
1006633.0,K,7.9,A25,HAL,MEYVE SEBZE
1006633.0,K,2.5,A25,HAL,MEYVE SEBZE
895259.0,E,3.45,203,BANVİT,ET TAVUK
168846.0,K,3.25,281,HYPO,DETERJAN TEMİZLİK
964247.0,K,23.9,215,SELPAK,KAĞIT
1006633.0,K,0.5,A25,HAL,MEYVE SEBZE
1006633.0,K,2.32,A25,HAL,MEYVE SEBZE
1006633.0,K,1.93,A25,HAL,MEYVE SEBZE
969467.0,K,0.65,A25,HAL,MEYVE SEBZE
969467.0,K,1.76,A25,HAL,MEYVE SEBZE
168846.0,K,3.25,281,HYPO,DETERJAN TEMİZLİK
1006633.0,K,5.6,A25,HAL,MEYVE SEBZE
1006633.0,K,7.64,A25,HAL,MEYVE SEBZE
895259.0,E,10.98,235,KASAP,ET TAVUK
895259.0,E,2.23,A25,HAL,MEYVE SEBZE
964247.0,K,9.9,227,PAPİA,KAĞIT
554812.0,K,0.5,A25,HAL,MEYVE SEBZE
554812.0,K,1.95,A25,HAL,MEYVE SEBZE
964247.0,K,9.75,75,KARAAĞAÇ,SÜT KAHVALTILIK
12050.0,K,4.95,146,ÜLKER,SÜT KAHVALTILIK
1006633.0,K,9.5,341,YAHYAOĞLU,SÜT KAHVALTILIK
1006633.0,K,1.22,A25,HAL,MEYVE SEBZE
1006633.0,K,1.64,A25,HAL,MEYVE SEBZE
895259.0,E,1.02,A25,HAL,MEYVE SEBZE
895259.0,E,0.74,A25,HAL,MEYVE SEBZE
1006633.0,K,0.39,A25,HAL,MEYVE SEBZE
1006633.0,K,2.7,A25,HAL,MEYVE SEBZE
1006633.0,K,6.31,A25,HAL,MEYVE SEBZE
895259.0,E,1.0,204,ŞÖLEN,GIDA
1006633.0,K,1.49,146,ÜLKER,GIDA
969467.0,K,1.5,93,MİLKA,GIDA
1006633.0,K,9.5,173,PHILIP MORIS,SİGARA
17830.0,K,3.68,A25,HAL,MEYVE SEBZE
17830.0,K,4.31,A25,HAL,MEYVE SEBZE
554812.0,K,7.45,50, F SAFF,KAĞIT
47575.0,K,8.56,A25,HAL,MEYVE SEBZE
47575.0,K,8.7,A25,HAL,MEYVE SEBZE
98723.0,K,1.5,146,ÜLKER,GIDA
17830.0,K,17.9,146,ÜLKER,GIDA
17830.0,K,2.32,A25,HAL,MEYVE SEBZE
216591.0,K,2.9,113,PASTAVİLLA,GIDA
98723.0,K,2.3,144,ULUDAĞ,İÇECEK
12050.0,K,2.95,298,FAİRY,DETERJAN TEMİZLİK
863860.0,E,15.18,235,KASAP,ET TAVUK
338362.0,E,0.45,144,ULUDAĞ,İÇECEK
338362.0,E,0.45,144,ULUDAĞ,İÇECEK
809200.0,K,6.0,,,GIDA
946663.0,K,4.17,A25,HAL,MEYVE SEBZE
423396.0,K,5.15,50, F SAFF,KAĞIT
627867.0,K,3.9,222,SC.BRİTE,DETERJAN TEMİZLİK
423396.0,K,1.89,50, F SAFF,DETERJAN TEMİZLİK
472384.0,K,2.3,144,ULUDAĞ,İÇECEK
,,6.6,255,ANKARA,GIDA
423396.0,K,7.95,84,KOTEX,KAĞIT
,,4.95,95,MOLPED,KAĞIT
630198.0,K,8.0,163,JTİ,SİGARA
627867.0,K,7.95,224,BİNGO,DETERJAN TEMİZLİK
160969.0,K,2.45,A25,HAL,MEYVE SEBZE
160969.0,K,1.14,A25,HAL,MEYVE SEBZE
160969.0,K,2.99,A25,HAL,MEYVE SEBZE
256619.0,K,3.64,A25,HAL,MEYVE SEBZE
160969.0,K,1.49,A25,HAL,MEYVE SEBZE
160969.0,K,0.5,A25,HAL,MEYVE SEBZE
157079.0,K,3.33,A25,HAL,MEYVE SEBZE
256619.0,K,1.15,A25,HAL,MEYVE SEBZE
377807.0,K,0.3,215,SELPAK,KAĞIT
256619.0,K,6.0,163,JTİ,SİGARA
256619.0,K,2.14,A25,HAL,MEYVE SEBZE
551199.0,K,19.9,235,KASAP,ET TAVUK
157079.0,K,3.03,A25,HAL,MEYVE SEBZE
259115.0,E,0.4,144,ULUDAĞ,İÇECEK
256619.0,K,1.33,A25,HAL,MEYVE SEBZE
630198.0,K,0.5,A25,HAL,MEYVE SEBZE
630198.0,K,1.06,A25,HAL,MEYVE SEBZE
898837.0,K,1.02,A25,HAL,MEYVE SEBZE
898837.0,K,2.45,A25,HAL,MEYVE SEBZE
1018960.0,K,13.9,262,MARET,ET TAVUK
157079.0,K,6.95,284,VİLEDA,DETERJAN TEMİZLİK
1057932.0,K,0.5,146,ÜLKER,İÇECEK
157079.0,K,7.0,127,SARELLE,SÜT KAHVALTILIK
377807.0,K,3.15,105,ORKİD,KAĞIT
551199.0,K,0.9,,,
898837.0,K,5.83,,,
56838.0,K,2.5,146,ÜLKER,GIDA
1018960.0,K,4.2,99,NOGAY,SÜT KAHVALTILIK
804695.0,E,2.64,A25,HAL,MEYVE SEBZE
804695.0,E,1.0,A25,HAL,MEYVE SEBZE
804695.0,E,0.5,A25,HAL,MEYVE SEBZE
26384.0,K,9.25,,,BEBEK
,,4.95,95,MOLPED,KAĞIT
804695.0,E,12.77,A25,HAL,MEYVE SEBZE
804695.0,E,3.48,A25,HAL,MEYVE SEBZE
26384.0,K,8.0,136,SUPER FRESH,GIDA
26384.0,K,8.0,136,SUPER FRESH,GIDA
804695.0,E,0.9,A25,HAL,MEYVE SEBZE
26384.0,K,11.35,118,PINAR,GIDA
834187.0,E,2.2,50, F SAFF,KAĞIT
158925.0,K,1.35,144,ULUDAĞ,İÇECEK
211400.0,E,6.5,173,PHILIP MORIS,SİGARA
708035.0,K,11.45,88,LİPTON,İÇECEK
708035.0,K,1.0,A25,HAL,MEYVE SEBZE
708035.0,K,0.5,A25,HAL,MEYVE SEBZE
708035.0,K,46.89,235,KASAP,ET TAVUK
687794.0,K,2.35,151,YÖRSAN,SÜT KAHVALTILIK
804695.0,E,5.6,,,ET TAVUK
244625.0,K,4.5,205,EMEK YAĞ,GIDA
687794.0,K,6.5,173,PHILIP MORIS,SİGARA
964247.0,K,1.65,108,ÖZTEMİZEL,GIDA
168766.0,K,6.59,363,BEŞLER,ET TAVUK
17509.0,E,2.25,28,CAPPY,İÇECEK
168766.0,K,3.15,299,SENPİLİÇ,ET TAVUK
137644.0,E,0.9,67,İÇİM SEHER,SÜT KAHVALTILIK
747779.0,E,0.6,144,ULUDAĞ,İÇECEK
747779.0,E,0.6,144,ULUDAĞ,İÇECEK
964826.0,K,1.25,50, F SAFF,KAĞIT
718259.0,E,5.5,192,DAVIDOF,SİGARA
942555.0,E,1.0,146,ÜLKER,GIDA
,,1.0,,,
451180.0,E,3.1,A25,HAL,MEYVE SEBZE
12050.0,K,0.9,,,GIDA
1006633.0,K,1.6,,,
216591.0,K,1.8,,,
882427.0,K,10.29,99,NOGAY,SÜT KAHVALTILIK
244625.0,K,8.28,A25,HAL,MEYVE SEBZE
708035.0,K,0.8,A25,HAL,MEYVE SEBZE
708035.0,K,6.98,A25,HAL,MEYVE SEBZE
708035.0,K,1.11,A25,HAL,MEYVE SEBZE
158925.0,K,1.47,A25,HAL,MEYVE SEBZE
708035.0,K,2.3,A25,HAL,MEYVE SEBZE
708035.0,K,1.0,A25,HAL,MEYVE SEBZE
708035.0,K,0.8,A25,HAL,MEYVE SEBZE
708035.0,K,3.7,A25,HAL,MEYVE SEBZE
708035.0,K,7.2,19,BEYPAZARI,İÇECEK
708035.0,K,3.99,A25,HAL,MEYVE SEBZE
708035.0,K,2.49,A25,HAL,MEYVE SEBZE
708035.0,K,11.45,88,LİPTON,İÇECEK
990895.0,E,6.9,188,NEUTROGENA,KOZMETİK
708035.0,K,10.49,172,BURDAN,SÜT KAHVALTILIK
708035.0,K,3.49,97,NESTLE,GIDA
26384.0,K,5.75,95,MOLPED,KAĞIT
159672.0,K,28.96,235,KASAP,ET TAVUK
708035.0,K,2.5,A25,HAL,MEYVE SEBZE
708035.0,K,2.5,A25,HAL,MEYVE SEBZE
708035.0,K,2.75,A25,HAL,MEYVE SEBZE
117033.0,E,8.0,163,JTİ,SİGARA
708035.0,K,1.49,146,ÜLKER,GIDA
708035.0,K,1.49,146,ÜLKER,GIDA
862565.0,E,1.0,146,ÜLKER,GIDA
708035.0,K,5.45,68,İNKA,SÜT KAHVALTILIK
862565.0,E,1.5,90,MAGGİ,GIDA
862565.0,E,2.5,A25,HAL,MEYVE SEBZE
159672.0,K,3.16,A25,HAL,MEYVE SEBZE
687794.0,K,6.5,173,PHILIP MORIS,SİGARA
539619.0,E,2.45,97,NESTLE,İÇECEK
708035.0,K,11.45,83,KOSKA,SÜT KAHVALTILIK
784502.0,E,5.25,32,ÇAYKUR,İÇECEK
708035.0,K,16.08,235,KASAP,ET TAVUK
944929.0,E,1.0,81,KNORR,GIDA
159672.0,K,1.35,49, F NEFFİS,GIDA
80492.0,K,8.0,163,JTİ,SİGARA
63525.0,E,5.85,99,NOGAY,SÜT KAHVALTILIK
862565.0,E,0.5,146,ÜLKER,GIDA
41.0,E,0.5,146,ÜLKER,GIDA
539619.0,E,2.3,144,ULUDAĞ,İÇECEK
80492.0,K,5.3,A25,HAL,MEYVE SEBZE
80492.0,K,1.01,A25,HAL,MEYVE SEBZE
63525.0,E,1.25,50, F SAFF,KAĞIT
748002.0,K,0.71,A25,HAL,MEYVE SEBZE
748002.0,K,1.85,A25,HAL,MEYVE SEBZE
63525.0,E,2.95,322,DOMESTOS,DETERJAN TEMİZLİK
137702.0,E,0.8,A25,HAL,MEYVE SEBZE
944929.0,E,1.1,255,ANKARA,GIDA
944929.0,E,1.1,255,ANKARA,GIDA
137702.0,E,0.7,A25,HAL,MEYVE SEBZE
708035.0,K,1.15,,,
708035.0,K,1.15,,,
159672.0,K,0.77,,,
80492.0,K,4.85,341,YAHYAOĞLU,SÜT KAHVALTILIK
303627.0,E,6.0,199,B.A.T TEKEL,SİGARA
80492.0,K,2.0,146,ÜLKER,GIDA
137702.0,E,5.01,235,KASAP,ET TAVUK
80492.0,K,2.16,A25,HAL,MEYVE SEBZE
46194.0,E,2.37,A25,HAL,MEYVE SEBZE
80492.0,K,1.0,146,ÜLKER,GIDA
80492.0,K,2.95,322,DOMESTOS,DETERJAN TEMİZLİK
1013317.0,K,10.55,,,SÜT KAHVALTILIK
687794.0,K,0.2,50, F SAFF,KAĞIT
687794.0,K,0.2,50, F SAFF,KAĞIT
136103.0,K,1.88,A25,HAL,MEYVE SEBZE
46194.0,E,3.44,A25,HAL,MEYVE SEBZE
46194.0,E,3.09,A25,HAL,MEYVE SEBZE
46194.0,E,2.04,A25,HAL,MEYVE SEBZE
510022.0,K,1.0,,,
46194.0,E,1.94,A25,HAL,MEYVE SEBZE
612740.0,K,2.0,67,İÇİM SEHER,SÜT KAHVALTILIK
136103.0,K,1.77,A25,HAL,MEYVE SEBZE
136103.0,K,1.01,A25,HAL,MEYVE SEBZE
183328.0,E,9.0,199,B.A.T TEKEL,SİGARA
183328.0,E,8.79,118,PINAR,GIDA
9030.0,K,5.29,363,BEŞLER,ET TAVUK
80492.0,K,1.25,284,VİLEDA,DETERJAN TEMİZLİK
46194.0,E,2.5,A25,HAL,MEYVE SEBZE
539619.0,E,8.65,224,BİNGO,DETERJAN TEMİZLİK
762487.0,E,1.5,52,FİLİZ,GIDA
9030.0,K,13.7,205,EMEK YAĞ,GIDA
762487.0,E,1.0,A25,HAL,MEYVE SEBZE
762487.0,E,0.5,A25,HAL,MEYVE SEBZE
762487.0,E,0.5,A25,HAL,MEYVE SEBZE
762487.0,E,0.8,A25,HAL,MEYVE SEBZE
762487.0,E,1.75,40,DR.OETKER,GIDA
762487.0,E,0.7,40,DR.OETKER,GIDA
762487.0,E,3.05,40,DR.OETKER,GIDA
762487.0,E,3.05,40,DR.OETKER,GIDA
762487.0,E,1.25,40,DR.OETKER,GIDA
762487.0,E,1.5,52,FİLİZ,GIDA
762487.0,E,3.75,52,FİLİZ,GIDA
762487.0,E,3.04,A25,HAL,MEYVE SEBZE
762487.0,E,2.25,226,FAMİLY,KAĞIT
762487.0,E,3.84,A25,HAL,MEYVE SEBZE
762487.0,E,3.88,A25,HAL,MEYVE SEBZE
762487.0,E,26.05,235,KASAP,ET TAVUK
762487.0,E,9.9,61,HEKİMOĞLU,GIDA
927016.0,E,6.95,101,NUTELLA,SÜT KAHVALTILIK
927016.0,E,1.49,146,ÜLKER,GIDA
745589.0,K,6.75,305,PANTANE,KOZMETİK
633849.0,E,2.01,A25,HAL,MEYVE SEBZE
633849.0,E,0.75,A25,HAL,MEYVE SEBZE
633849.0,E,2.57,A25,HAL,MEYVE SEBZE
946663.0,K,1.83,A25,HAL,MEYVE SEBZE
633849.0,E,6.9,39,DOĞUŞ,İÇECEK
633849.0,E,12.0,199,B.A.T TEKEL,SİGARA
1077909.0,E,2.95,276,RETBUL,İÇECEK
473135.0,K,5.93,A25,HAL,MEYVE SEBZE
,,1.19,A25,HAL,MEYVE SEBZE
,,3.04,A25,HAL,MEYVE SEBZE
262130.0,E,3.0,144,ULUDAĞ,İÇECEK
26327.0,K,3.44,A25,HAL,MEYVE SEBZE
,,2.4,67,İÇİM SEHER,SÜT KAHVALTILIK
473135.0,K,4.25,354,PAŞAKÖY,SÜT KAHVALTILIK
17543.0,K,0.97,A25,HAL,MEYVE SEBZE
17543.0,K,1.83,A25,HAL,MEYVE SEBZE
17543.0,K,1.83,A25,HAL,MEYVE SEBZE
17543.0,K,1.83,A25,HAL,MEYVE SEBZE
,,1.83,A25,HAL,MEYVE SEBZE
382160.0,E,1.65,260,KİNDER,GIDA
382160.0,E,3.75,44,ETİ,GIDA
382160.0,E,1.5,93,MİLKA,GIDA
26327.0,K,1.48,A25,HAL,MEYVE SEBZE
,,7.77,A25,HAL,MEYVE SEBZE
569009.0,K,10.0,173,PHILIP MORIS,SİGARA
348844.0,E,4.35,136,SUPER FRESH,GIDA
813495.0,E,1.25,50, F SAFF,KAĞIT
17543.0,K,5.09,A25,HAL,MEYVE SEBZE
569009.0,K,10.0,173,PHILIP MORIS,SİGARA
17633.0,E,6.5,199,B.A.T TEKEL,SİGARA
17633.0,E,6.5,199,B.A.T TEKEL,SİGARA
26327.0,K,2.02,A25,HAL,MEYVE SEBZE
892.0,K,1.25,52,FİLİZ,GIDA
892.0,K,1.25,52,FİLİZ,GIDA
84688.0,E,1.0,146,ÜLKER,GIDA
258366.0,E,0.75,A25,HAL,MEYVE SEBZE
258366.0,E,1.3,A25,HAL,MEYVE SEBZE
17633.0,E,10.0,173,PHILIP MORIS,SİGARA
892.0,K,1.25,52,FİLİZ,GIDA
892.0,K,1.25,52,FİLİZ,GIDA
892.0,K,1.25,52,FİLİZ,GIDA
892.0,K,2.85,A09,DURU BAKLIYAT,GIDA
892.0,K,7.0,127,SARELLE,SÜT KAHVALTILIK
258366.0,E,1.0,44,ETİ,GIDA
258366.0,E,1.0,44,ETİ,GIDA
258366.0,E,1.0,44,ETİ,GIDA
258366.0,E,1.0,44,ETİ,GIDA
258366.0,E,3.75,99,NOGAY,SÜT KAHVALTILIK
892.0,K,6.95,101,NUTELLA,SÜT KAHVALTILIK
258366.0,E,1.16,A25,HAL,MEYVE SEBZE
258366.0,E,2.88,A25,HAL,MEYVE SEBZE
258366.0,E,0.46,A25,HAL,MEYVE SEBZE
892.0,K,3.75,113,PASTAVİLLA,GIDA
8861.0,E,8.0,173,PHILIP MORIS,SİGARA
892.0,K,21.9,205,EMEK YAĞ,GIDA
759521.0,K,6.0,199,B.A.T TEKEL,SİGARA
892.0,K,1.25,52,FİLİZ,GIDA
1045335.0,K,6.75,A07,HIGHGENIC,DETERJAN TEMİZLİK
892.0,K,23.9,215,SELPAK,KAĞIT
574270.0,E,10.11,,,BEBEK
1045335.0,K,2.95,298,FAİRY,DETERJAN TEMİZLİK
180297.0,E,2.5,146,ÜLKER,GIDA
530392.0,E,1.0,146,ÜLKER,GIDA
18014.0,K,3.85,49, F NEFFİS,SÜT KAHVALTILIK
533149.0,E,1.4,A25,HAL,MEYVE SEBZE
,,14.84,235,KASAP,ET TAVUK
1045335.0,K,3.99,84,KOTEX,KAĞIT
892.0,K,9.75,215,SELPAK,KAĞIT
574270.0,E,2.3,50, F SAFF,DETERJAN TEMİZLİK
271478.0,E,4.35,260,KİNDER,GIDA
271478.0,E,1.65,260,KİNDER,GIDA
696094.0,E,6.95,101,NUTELLA,SÜT KAHVALTILIK
936858.0,E,2.8,134,SULTAN,GIDA
17509.0,E,2.65,130,SEK,İÇECEK
17207.0,E,0.5,59,HALK,GIDA
17207.0,E,0.5,59,HALK,GIDA
936858.0,E,0.25,146,ÜLKER,GIDA
936858.0,E,0.25,146,ÜLKER,GIDA
936858.0,E,0.9,,,GIDA
762487.0,E,3.13,A25,HAL,MEYVE SEBZE
726953.0,K,1.5,146,ÜLKER,GIDA
726953.0,K,2.8,A25,HAL,MEYVE SEBZE
726953.0,K,1.62,A25,HAL,MEYVE SEBZE
726953.0,K,7.8,99,NOGAY,SÜT KAHVALTILIK
927016.0,E,3.25,146,ÜLKER,SÜT KAHVALTILIK
726953.0,K,5.99,118,PINAR,SÜT KAHVALTILIK
762487.0,E,3.88,A25,HAL,MEYVE SEBZE
762487.0,E,3.88,A25,HAL,MEYVE SEBZE
762487.0,E,3.88,A25,HAL,MEYVE SEBZE
762487.0,E,6.95,226,FAMİLY,KAĞIT
330461.0,E,6.45,27,CANPED,KAĞIT
762487.0,E,1.5,52,FİLİZ,GIDA
762487.0,E,2.43,235,KASAP,ET TAVUK
762487.0,E,15.8,235,KASAP,ET TAVUK
726953.0,K,5.65,172,BURDAN,SÜT KAHVALTILIK
726953.0,K,2.25,202,İPEK PAMUK,KOZMETİK
20429.0,E,1.95,260,KİNDER,GIDA
263592.0,K,1.49,146,ÜLKER,GIDA
726953.0,K,2.7,95,MOLPED,KAĞIT
15477.0,K,14.9,238,APTAMIL,BEBEK
20429.0,E,8.0,173,PHILIP MORIS,SİGARA
20429.0,E,10.0,152,YUDUM,GIDA
263592.0,K,1.0,,,
710931.0,K,4.45,88,LİPTON,İÇECEK
710931.0,K,5.0,231,VİGOR,SİGARA
710931.0,K,3.0,,,GIDA
710931.0,K,0.8,A25,HAL,MEYVE SEBZE
710931.0,K,2.5,A25,HAL,MEYVE SEBZE
710931.0,K,2.43,A25,HAL,MEYVE SEBZE
710931.0,K,33.51,235,KASAP,ET TAVUK
478301.0,K,1.78,A25,HAL,MEYVE SEBZE
478301.0,K,1.46,A25,HAL,MEYVE SEBZE
478301.0,K,1.0,A25,HAL,MEYVE SEBZE
188054.0,E,0.5,A25,HAL,MEYVE SEBZE
188054.0,E,0.5,A25,HAL,MEYVE SEBZE
188054.0,E,0.5,A25,HAL,MEYVE SEBZE
212191.0,E,7.41,A25,HAL,MEYVE SEBZE
212191.0,E,3.26,A25,HAL,MEYVE SEBZE
212191.0,E,1.79,A25,HAL,MEYVE SEBZE
991341.0,E,2.9,93,MİLKA,GIDA
885795.0,E,0.8,A25,HAL,MEYVE SEBZE
885795.0,E,3.16,A25,HAL,MEYVE SEBZE
212191.0,E,0.85,A25,HAL,MEYVE SEBZE
212191.0,E,0.67,A25,HAL,MEYVE SEBZE
1002428.0,E,1.0,204,ŞÖLEN,GIDA
805234.0,K,4.35,32,ÇAYKUR,İÇECEK
805234.0,K,9.99,133,SÖKE,GIDA
661272.0,K,0.55,144,ULUDAĞ,İÇECEK
17697.0,E,8.0,163,JTİ,SİGARA
705393.0,K,2.75,50, F SAFF,DETERJAN TEMİZLİK
26672.0,E,2.5,296,ACE,DETERJAN TEMİZLİK
208799.0,E,1.85,95,MOLPED,KAĞIT
234128.0,K,13.49,32,ÇAYKUR,İÇECEK
380497.0,E,5.5,192,DAVIDOF,SİGARA
234128.0,K,79.0,205,EMEK YAĞ,GIDA
892.0,K,4.5,,,
892.0,K,4.5,,,
892.0,K,4.5,,,
258366.0,E,2.29,,,
836876.0,K,0.01,,,
836876.0,K,0.01,,,
399251.0,K,2.0,A25,HAL,MEYVE SEBZE
399251.0,K,7.0,A25,HAL,MEYVE SEBZE
399251.0,K,7.0,A25,HAL,MEYVE SEBZE
234128.0,K,5.79,A25,HAL,MEYVE SEBZE
831605.0,K,2.2,50, F SAFF,KAĞIT
739335.0,K,1.0,146,ÜLKER,GIDA
234128.0,K,2.65,281,HYPO,DETERJAN TEMİZLİK
739335.0,K,1.0,146,ÜLKER,GIDA
208799.0,E,1.85,95,MOLPED,KAĞIT
26225.0,K,6.75,299,SENPİLİÇ,ET TAVUK
529326.0,E,3.15,58,H.ŞAKİR,KOZMETİK
12050.0,K,2.95,320,CİF,DETERJAN TEMİZLİK
529326.0,E,3.15,58,H.ŞAKİR,KOZMETİK
338362.0,E,2.35,137,SÜTAŞ,İÇECEK
863860.0,E,0.25,59,HALK,GIDA
863860.0,E,0.25,59,HALK,GIDA
809200.0,K,0.75,146,ÜLKER,GIDA
809200.0,K,0.75,146,ÜLKER,GIDA
809200.0,K,2.75,146,ÜLKER,GIDA
,,0.75,146,ÜLKER,İÇECEK
,,0.6,118,PINAR,İÇECEK
633849.0,E,1.25,44,ETİ,GIDA
473135.0,K,0.5,44,ETİ,GIDA
382160.0,E,2.5,9,AROMA,İÇECEK
705413.0,K,2.5,44,ETİ,GIDA
705413.0,K,2.5,44,ETİ,GIDA
,,1.75,130,SEK,İÇECEK
569009.0,K,1.95,A02,TROPİCANO,İÇECEK
,,1.75,130,SEK,İÇECEK
17543.0,K,3.99,205,EMEK YAĞ,GIDA
1189.0,E,0.5,146,ÜLKER,GIDA
569009.0,K,1.95,A02,TROPİCANO,İÇECEK
569009.0,K,1.95,A02,TROPİCANO,İÇECEK
1045335.0,K,5.0,49, F NEFFİS,İÇECEK
,,1.6,118,PINAR,SÜT KAHVALTILIK
1045335.0,K,2.25,146,ÜLKER,İÇECEK
892.0,K,4.95,145,UNO,GIDA
1189.0,E,0.6,137,SÜTAŞ,İÇECEK
258366.0,E,1.8,115,PEPSİ,İÇECEK
258366.0,E,2.15,204,ŞÖLEN,GIDA
258366.0,E,2.15,43,ERİKLİ,İÇECEK
458232.0,E,3.85,49, F NEFFİS,SÜT KAHVALTILIK
443599.0,K,2.2,97,NESTLE,GIDA
287353.0,K,0.65,50, F SAFF,DETERJAN TEMİZLİK
941080.0,K,1.95,A25,HAL,MEYVE SEBZE
458232.0,E,8.5,103,OLİN,GIDA
299869.0,K,5.0,231,VİGOR,SİGARA
941080.0,K,0.55,144,ULUDAĞ,İÇECEK
983895.0,E,3.12,A25,HAL,MEYVE SEBZE
587010.0,K,0.95,146,ÜLKER,GIDA
983895.0,E,1.83,A25,HAL,MEYVE SEBZE
983895.0,E,1.66,A25,HAL,MEYVE SEBZE
838860.0,E,2.59,A25,HAL,MEYVE SEBZE
838860.0,E,0.8,A25,HAL,MEYVE SEBZE
563035.0,K,3.2,354,PAŞAKÖY,SÜT KAHVALTILIK
458232.0,E,4.35,118,PINAR,ET TAVUK
458232.0,E,5.35,118,PINAR,ET TAVUK
350200.0,E,2.93,A25,HAL,MEYVE SEBZE
838860.0,E,4.25,A25,HAL,MEYVE SEBZE
941080.0,K,0.55,144,ULUDAĞ,İÇECEK
376910.0,K,1.25,50, F SAFF,KAĞIT
838860.0,E,1.48,A25,HAL,MEYVE SEBZE
838860.0,E,1.21,A25,HAL,MEYVE SEBZE
838860.0,E,1.05,A25,HAL,MEYVE SEBZE
350200.0,E,0.8,A25,HAL,MEYVE SEBZE
769992.0,K,0.75,154,TADELLE,GIDA
941080.0,K,0.45,144,ULUDAĞ,İÇECEK
350200.0,E,4.19,A25,HAL,MEYVE SEBZE
587010.0,K,0.6,40,DR.OETKER,GIDA
587010.0,K,0.6,40,DR.OETKER,GIDA
350200.0,E,2.4,19,BEYPAZARI,İÇECEK
350200.0,E,0.8,A25,HAL,MEYVE SEBZE
287353.0,K,2.85,298,FAİRY,DETERJAN TEMİZLİK
838860.0,E,2.0,146,ÜLKER,GIDA
161002.0,K,8.75,105,ORKİD,KAĞIT
838860.0,E,1.5,52,FİLİZ,GIDA
587010.0,K,10.53,,,SÜT KAHVALTILIK
838860.0,E,0.65,A25,HAL,MEYVE SEBZE
838860.0,E,0.8,A25,HAL,MEYVE SEBZE
838860.0,E,1.83,A25,HAL,MEYVE SEBZE
726953.0,K,8.25,146,ÜLKER,SÜT KAHVALTILIK
726953.0,K,1.75,146,ÜLKER,SÜT KAHVALTILIK
762487.0,E,11.95,232,KEBİR,SÜT KAHVALTILIK
762487.0,E,5.4,,,İÇECEK
570429.0,K,10.01,8,ARMONİ ,GIDA
710931.0,K,5.6,49, F NEFFİS,İÇECEK
710931.0,K,2.0,156,SPRİTE,İÇECEK
710931.0,K,5.95,146,ÜLKER,SÜT KAHVALTILIK
26672.0,E,1.85,234,FUNDA KAYA,GIDA
710931.0,K,6.96,299,SENPİLİÇ,ET TAVUK
227915.0,K,0.45,300,FALIM,GIDA
1002428.0,E,1.85,146,ÜLKER,BEBEK
287353.0,K,3.25,120,PRENSES,İÇECEK
941080.0,K,3.6,141,TAT,GIDA
443599.0,K,3.7,139,TADIM,GIDA
458232.0,E,12.9,212,EKİCİ,SÜT KAHVALTILIK
443599.0,K,0.75,79,KENT,GIDA
443599.0,K,0.75,79,KENT,GIDA
443599.0,K,0.75,79,KENT,GIDA
350200.0,E,8.75,299,SENPİLİÇ,ET TAVUK
350200.0,E,2.22,346,SİHİRLİ ELLER,GIDA
965741.0,K,1.4,312,PERMATİK,KOZMETİK
983895.0,E,1.95,50, F SAFF,DETERJAN TEMİZLİK
350200.0,E,8.68,299,SENPİLİÇ,ET TAVUK
350200.0,E,7.57,299,SENPİLİÇ,ET TAVUK
350200.0,E,7.24,299,SENPİLİÇ,ET TAVUK
350200.0,E,1.95,146,ÜLKER,İÇECEK
587010.0,K,11.95,232,KEBİR,SÜT KAHVALTILIK
838860.0,E,5.95,137,SÜTAŞ,SÜT KAHVALTILIK
350200.0,E,1.75,146,ÜLKER,İÇECEK
838860.0,E,13.9,153,DERYA,SÜT KAHVALTILIK
9462.0,K,4.84,,,İÇECEK
835774.0,E,5.59,151,YÖRSAN,SÜT KAHVALTILIK
9462.0,K,23.9,232,KEBİR,SÜT KAHVALTILIK
225450.0,K,1.9,137,SÜTAŞ,SÜT KAHVALTILIK
225450.0,K,1.9,137,SÜTAŞ,SÜT KAHVALTILIK
225450.0,K,3.55,184,MARC,DETERJAN TEMİZLİK
577894.0,K,1.65,146,ÜLKER,SÜT KAHVALTILIK
577894.0,K,1.65,146,ÜLKER,SÜT KAHVALTILIK
577894.0,K,1.75,146,ÜLKER,SÜT KAHVALTILIK
577894.0,K,1.75,146,ÜLKER,SÜT KAHVALTILIK
577894.0,K,1.75,146,ÜLKER,SÜT KAHVALTILIK
863458.0,K,10.14,299,SENPİLİÇ,ET TAVUK
593660.0,K,7.14,8,ARMONİ ,GIDA
,,1.95,148,VİVİDENT,GIDA
17509.0,E,1.75,130,SEK,İÇECEK
55834.0,E,7.95,328,REXONA,KOZMETİK
,,2.15,130,SEK,SÜT KAHVALTILIK
,,0.9,130,SEK,SÜT KAHVALTILIK
,,0.9,130,SEK,SÜT KAHVALTILIK
166073.0,E,0.9,67,İÇİM SEHER,SÜT KAHVALTILIK
8861.0,E,0.75,44,ETİ,GIDA
258366.0,E,2.39,67,İÇİM SEHER,SÜT KAHVALTILIK
208799.0,E,1.65,383,ARKO,KOZMETİK
616838.0,E,0.7,43,ERİKLİ,İÇECEK
616838.0,E,1.0,44,ETİ,GIDA
831605.0,K,0.25,146,ÜLKER,GIDA
831605.0,K,0.25,146,ÜLKER,GIDA
831605.0,K,0.25,146,ÜLKER,GIDA
208799.0,E,3.4,361,BİLLUR,GIDA
831605.0,K,0.5,44,ETİ,GIDA
,,1.6,130,SEK,SÜT KAHVALTILIK
497335.0,K,24.9,297,ARİEL,DETERJAN TEMİZLİK
584769.0,K,3.45,109,P.BAHÇE,EV
584769.0,K,0.75,146,ÜLKER,GIDA
584769.0,K,0.75,146,ÜLKER,GIDA
166073.0,E,1.0,266,BİEN,GIDA
971391.0,E,3.25,137,SÜTAŞ,SÜT KAHVALTILIK
956657.0,K,8.95,39,DOĞUŞ,İÇECEK
271478.0,E,1.1,255,ANKARA,GIDA
407545.0,E,6.0,163,JTİ,SİGARA
953523.0,K,10.0,173,PHILIP MORIS,SİGARA
688491.0,K,2.68,A25,HAL,MEYVE SEBZE
2693.0,K,0.5,146,ÜLKER,GIDA
2693.0,K,0.5,146,ÜLKER,GIDA
2693.0,K,1.35,154,TADELLE,GIDA
403816.0,K,8.45,172,BURDAN,SÜT KAHVALTILIK
525132.0,K,2.6,144,ULUDAĞ,İÇECEK
815418.0,E,3.3,81,KNORR,GIDA
936114.0,K,0.99,5,ARBELLA,GIDA
936114.0,K,0.6,59,HALK,GIDA
936114.0,K,0.6,59,HALK,GIDA
936114.0,K,1.1,255,ANKARA,GIDA
936114.0,K,1.1,255,ANKARA,GIDA
525132.0,K,3.25,A25,HAL,MEYVE SEBZE
525132.0,K,0.73,A25,HAL,MEYVE SEBZE
525132.0,K,8.35,83,KOSKA,SÜT KAHVALTILIK
525132.0,K,3.2,354,PAŞAKÖY,SÜT KAHVALTILIK
936114.0,K,14.34,235,KASAP,ET TAVUK
936114.0,K,17.97,235,KASAP,ET TAVUK
525132.0,K,5.43,99,NOGAY,SÜT KAHVALTILIK
525132.0,K,3.35,83,KOSKA,SÜT KAHVALTILIK
936114.0,K,5.75,50, F SAFF,KAĞIT
936114.0,K,2.7,A25,HAL,MEYVE SEBZE
936114.0,K,2.21,A25,HAL,MEYVE SEBZE
936114.0,K,1.25,52,FİLİZ,GIDA
815418.0,E,2.85,146,ÜLKER,GIDA
734790.0,E,1.45,113,PASTAVİLLA,GIDA
734790.0,E,3.25,197,ÇEŞMEBAŞI,SÜT KAHVALTILIK
818823.0,K,0.4,97,NESTLE,GIDA
818823.0,K,0.4,97,NESTLE,GIDA
197103.0,E,0.8,A25,HAL,MEYVE SEBZE
197103.0,E,0.75,A25,HAL,MEYVE SEBZE
197103.0,E,1.82,A25,HAL,MEYVE SEBZE
936114.0,K,4.45,220,SİLEN,KAĞIT
587549.0,E,1.5,155,FANTA,İÇECEK
587549.0,E,1.5,155,FANTA,İÇECEK
587549.0,E,1.5,155,FANTA,İÇECEK
407545.0,E,0.45,144,ULUDAĞ,İÇECEK
197103.0,E,3.65,151,YÖRSAN,SÜT KAHVALTILIK
235910.0,K,1.25,50, F SAFF,KAĞIT
587549.0,E,1.5,155,FANTA,İÇECEK
738332.0,K,2.0,204,ŞÖLEN,GIDA
660975.0,K,1.65,271,IŞIL,GIDA
660975.0,K,1.65,271,IŞIL,GIDA
900107.0,K,6.5,173,PHILIP MORIS,SİGARA
871530.0,K,5.6,,,İÇECEK
770770.0,E,3.25,37,DOĞADAN,İÇECEK
501314.0,E,7.5,148,VİVİDENT,GIDA
420967.0,E,3.0,139,TADIM,GIDA
501314.0,E,7.9,49, F NEFFİS,GIDA
900349.0,K,3.5,257,BERRAK,GIDA
225450.0,K,9.25,333,YUMOŞ,DETERJAN TEMİZLİK
918963.0,E,2.57,346,SİHİRLİ ELLER,GIDA
242436.0,K,6.99,259,EKİN,GIDA
918963.0,E,1.65,146,ÜLKER,SÜT KAHVALTILIK
97537.0,E,23.9,94,MOLFIX,BEBEK
68446.0,K,5.95,137,SÜTAŞ,SÜT KAHVALTILIK
497335.0,K,4.8,49, F NEFFİS,İÇECEK
119245.0,K,3.6,37,DOĞADAN,İÇECEK
817475.0,K,3.68,8,ARMONİ ,GIDA
1002541.0,K,4.04,8,ARMONİ ,GIDA
224479.0,K,12.9,212,EKİCİ,SÜT KAHVALTILIK
1056469.0,K,9.95,383,ARKO,KOZMETİK
1056469.0,K,9.95,383,ARKO,KOZMETİK
622804.0,E,5.45,211,VERNEL,DETERJAN TEMİZLİK
497335.0,K,9.95,224,BİNGO,DETERJAN TEMİZLİK
584769.0,K,3.99,8,ARMONİ ,GIDA
55834.0,E,2.5,309,GILLETTE,KOZMETİK
,,6.49,130,SEK,SÜT KAHVALTILIK
936858.0,E,7.9,49, F NEFFİS,GIDA
936858.0,E,2.66,8,ARMONİ ,GIDA
17509.0,E,15.0,8,ARMONİ ,GIDA
17509.0,E,5.8,49, F NEFFİS,GIDA
17509.0,E,7.95,153,DERYA,SÜT KAHVALTILIK
17509.0,E,5.95,137,SÜTAŞ,SÜT KAHVALTILIK
17207.0,E,4.5,360,GOLF,SÜT KAHVALTILIK
479192.0,E,5.8,49, F NEFFİS,GIDA
479192.0,E,5.8,49, F NEFFİS,GIDA
303613.0,K,7.25,328,REXONA,KOZMETİK
486646.0,E,8.45,272,PROTEX,KOZMETİK
39583.0,E,1.49,116,PEYMAN,GIDA
486646.0,E,2.25,301,FİRST,GIDA
479192.0,E,1.65,146,ÜLKER,SÜT KAHVALTILIK
512919.0,K,6.99,24,CALVE,GIDA
1304.0,K,7.9,49, F NEFFİS,GIDA
430511.0,E,4.65,124,REİS,GIDA
430511.0,E,4.25,124,REİS,GIDA
,,10.75,8,ARMONİ ,GIDA
,,5.6,,,İÇECEK
512919.0,K,11.9,A05,PERWOLL,DETERJAN TEMİZLİK
1062086.0,E,5.6,,,İÇECEK
17851.0,E,12.35,299,SENPİLİÇ,ET TAVUK
313670.0,E,10.31,299,SENPİLİÇ,ET TAVUK
313670.0,E,27.71,299,SENPİLİÇ,ET TAVUK
17851.0,E,5.95,299,SENPİLİÇ,ET TAVUK
163495.0,E,2.0,346,SİHİRLİ ELLER,GIDA
313670.0,E,7.95,153,DERYA,SÜT KAHVALTILIK
313670.0,E,8.95,146,ÜLKER,SÜT KAHVALTILIK
313670.0,E,8.95,146,ÜLKER,SÜT KAHVALTILIK
,,3.7,234,FUNDA KAYA,GIDA
656157.0,E,2.99,191,ACTİVEX,KOZMETİK
224479.0,K,1.99,50, F SAFF,DETERJAN TEMİZLİK
224479.0,K,1.99,50, F SAFF,DETERJAN TEMİZLİK
224479.0,K,1.25,54,FRİTO,GIDA
224479.0,K,1.25,54,FRİTO,GIDA
656157.0,E,6.5,44,ETİ,BEBEK
141874.0,E,1.75,146,ÜLKER,İÇECEK
740019.0,K,2.4,49, F NEFFİS,İÇECEK
8941.0,E,7.75,124,REİS,GIDA
313670.0,E,9.95,224,BİNGO,DETERJAN TEMİZLİK
920261.0,K,2.4,49, F NEFFİS,İÇECEK
811592.0,E,9.5,67,İÇİM SEHER,GIDA
811592.0,E,1.55,144,ULUDAĞ,İÇECEK
275595.0,K,1.75,146,ÜLKER,SÜT KAHVALTILIK
275595.0,K,3.15,137,SÜTAŞ,SÜT KAHVALTILIK
204806.0,K,7.9,49, F NEFFİS,GIDA
281395.0,K,5.6,,,İÇECEK
677466.0,K,2.25,157,ALGIDA,SÜT KAHVALTILIK
281395.0,K,1.0,59,HALK,SÜT KAHVALTILIK
281395.0,K,1.0,59,HALK,SÜT KAHVALTILIK
204806.0,K,11.79,137,SÜTAŞ,SÜT KAHVALTILIK
281395.0,K,3.6,37,DOĞADAN,İÇECEK
677466.0,K,2.25,157,ALGIDA,SÜT KAHVALTILIK
677466.0,K,2.25,157,ALGIDA,SÜT KAHVALTILIK
712081.0,E,3.6,37,DOĞADAN,İÇECEK
458330.0,K,3.0,139,TADIM,GIDA
224479.0,K,0.99,59,HALK,GIDA
739335.0,K,0.5,146,ÜLKER,İÇECEK
739335.0,K,1.0,44,ETİ,GIDA
399251.0,K,1.0,134,SULTAN,GIDA
1015725.0,K,2.75,146,ÜLKER,GIDA
892.0,K,2.4,289,SAYAN,EV
892.0,K,2.4,289,SAYAN,EV
1015725.0,K,3.0,118,PINAR,İÇECEK
1015725.0,K,2.6,67,İÇİM SEHER,İÇECEK
842334.0,E,0.9,,,GIDA
380497.0,E,1.8,,,GIDA
1015725.0,K,1.95,30,COCO COLA,İÇECEK
1015725.0,K,2.25,155,FANTA,İÇECEK
799292.0,K,2.0,44,ETİ,GIDA
546759.0,E,2.15,345,ALTINCEZVE,İÇECEK
188680.0,K,1.75,112,PALMOLIVE,KOZMETİK
188680.0,K,1.75,112,PALMOLIVE,KOZMETİK
799292.0,K,0.25,146,ÜLKER,GIDA
799292.0,K,0.25,146,ÜLKER,GIDA
799292.0,K,0.25,146,ÜLKER,GIDA
799292.0,K,0.25,146,ÜLKER,GIDA
799292.0,K,1.0,361,BİLLUR,GIDA
188680.0,K,3.2,76,KARMEZ,GIDA
188680.0,K,0.35,43,ERİKLİ,İÇECEK
900327.0,K,2.75,145,UNO,GIDA
891870.0,K,0.56,130,SEK,İÇECEK
62536.0,E,3.99,67,İÇİM SEHER,SÜT KAHVALTILIK
771451.0,K,0.35,43,ERİKLİ,İÇECEK
519258.0,K,3.2,30,COCO COLA,İÇECEK
771451.0,K,1.6,118,PINAR,İÇECEK
820615.0,E,4.3,130,SEK,SÜT KAHVALTILIK
850077.0,K,1.6,118,PINAR,SÜT KAHVALTILIK
524359.0,K,2.15,130,SEK,SÜT KAHVALTILIK
524359.0,K,1.25,146,ÜLKER,GIDA
545408.0,E,2.15,118,PINAR,ET TAVUK
545408.0,E,2.15,118,PINAR,ET TAVUK
545408.0,E,2.15,118,PINAR,ET TAVUK
601232.0,K,1.0,44,ETİ,GIDA
524359.0,K,2.15,130,SEK,SÜT KAHVALTILIK
225218.0,K,2.5,49, F NEFFİS,İÇECEK
545408.0,E,0.5,44,ETİ,GIDA
545408.0,E,0.9,,,GIDA
333176.0,K,2.15,43,ERİKLİ,İÇECEK
986700.0,E,2.0,146,ÜLKER,GIDA
668818.0,K,13.95,325,KOMİLİ,GIDA
17652.0,E,5.0,,,KOZMETİK
505349.0,K,19.9,209,PERSİL,DETERJAN TEMİZLİK
1608.0,E,1.0,146,ÜLKER,GIDA
1608.0,E,1.0,146,ÜLKER,GIDA
1608.0,E,1.0,146,ÜLKER,GIDA
1608.0,E,1.0,146,ÜLKER,GIDA
497335.0,K,4.8,98,NİX,DETERJAN TEMİZLİK
677466.0,K,2.25,157,ALGIDA,SÜT KAHVALTILIK
520642.0,E,3.55,257,BERRAK,GIDA
520642.0,E,3.2,49, F NEFFİS,İÇECEK
520642.0,E,3.75,141,TAT,GIDA
520642.0,E,7.75,297,ARİEL,DETERJAN TEMİZLİK
520642.0,E,2.75,240,FABULOSO,DETERJAN TEMİZLİK
747962.0,E,10.45,256,VİTA,GIDA
520642.0,E,9.9,211,VERNEL,DETERJAN TEMİZLİK
139945.0,E,8.94,299,SENPİLİÇ,ET TAVUK
872479.0,K,0.8,393,BIGBABOL,GIDA
462420.0,K,1.0,79,KENT,GIDA
462420.0,K,1.99,50, F SAFF,DETERJAN TEMİZLİK
26638.0,K,16.25,8,ARMONİ ,GIDA
26638.0,K,7.9,49, F NEFFİS,GIDA
462420.0,K,1.75,50, F SAFF,DETERJAN TEMİZLİK
122209.0,K,1.99,6,ARGEM,EV
1040325.0,K,5.6,,,İÇECEK
1040325.0,K,12.5,67,İÇİM SEHER,SÜT KAHVALTILIK
1053767.0,K,1.0,139,TADIM,GIDA
1053767.0,K,1.0,139,TADIM,GIDA
612314.0,K,3.23,8,ARMONİ ,GIDA
453132.0,E,6.65,118,PINAR,SÜT KAHVALTILIK
400943.0,K,2.99,146,ÜLKER,İÇECEK
400943.0,K,2.99,146,ÜLKER,İÇECEK
1333.0,K,14.0,,,İÇECEK
1065564.0,K,5.95,137,SÜTAŞ,SÜT KAHVALTILIK
426732.0,K,3.5,139,TADIM,GIDA
630672.0,E,27.0,49, F NEFFİS,GIDA
426732.0,K,3.5,139,TADIM,GIDA
1065564.0,K,10.76,299,SENPİLİÇ,ET TAVUK
630672.0,E,11.6,49, F NEFFİS,GIDA
475450.0,E,8.5,224,BİNGO,DETERJAN TEMİZLİK
630672.0,E,22.4,,,İÇECEK
630672.0,E,62.7,205,EMEK YAĞ,GIDA
210120.0,E,2.1,A16,SCHWEPPES,İÇECEK
630672.0,E,5.95,59,HALK,SÜT KAHVALTILIK
630672.0,E,5.95,59,HALK,SÜT KAHVALTILIK
210120.0,E,4.99,67,İÇİM SEHER,GIDA
840877.0,E,5.6,,,İÇECEK
647382.0,K,1.65,146,ÜLKER,SÜT KAHVALTILIK
647382.0,K,1.65,146,ÜLKER,SÜT KAHVALTILIK
647382.0,K,1.65,146,ÜLKER,SÜT KAHVALTILIK
840877.0,E,1.75,146,ÜLKER,SÜT KAHVALTILIK
210120.0,E,6.95,212,EKİCİ,SÜT KAHVALTILIK
210120.0,E,4.99,157,ALGIDA,SÜT KAHVALTILIK
210120.0,E,3.99,146,ÜLKER,SÜT KAHVALTILIK
768280.0,K,2.2,144,ULUDAĞ,İÇECEK
768280.0,K,2.0,144,ULUDAĞ,İÇECEK
768280.0,K,4.99,67,İÇİM SEHER,GIDA
169224.0,K,2.1,312,PERMATİK,KOZMETİK
299415.0,K,5.8,49, F NEFFİS,GIDA
145214.0,E,5.6,,,İÇECEK
678396.0,K,5.6,,,İÇECEK
678396.0,K,6.65,118,PINAR,SÜT KAHVALTILIK
504821.0,E,4.95,346,SİHİRLİ ELLER,GIDA
504821.0,E,4.95,346,SİHİRLİ ELLER,GIDA
774689.0,K,3.75,346,SİHİRLİ ELLER,GIDA
774689.0,K,3.35,141,TAT,GIDA
774689.0,K,7.19,299,SENPİLİÇ,ET TAVUK
774689.0,K,5.8,49, F NEFFİS,GIDA
774689.0,K,4.9,153,DERYA,SÜT KAHVALTILIK
742693.0,K,8.66,299,SENPİLİÇ,ET TAVUK
622804.0,E,5.65,356,GÜRALLAR,EV
754502.0,K,2.5,146,ÜLKER,GIDA
168846.0,K,0.35,43,ERİKLİ,İÇECEK
900349.0,K,5.0,83,KOSKA,SÜT KAHVALTILIK
1025870.0,E,5.55,332,OMO,DETERJAN TEMİZLİK
701697.0,E,1.25,204,ŞÖLEN,GIDA
942555.0,E,2.5,146,ÜLKER,GIDA
351249.0,K,0.25,49, F NEFFİS,İÇECEK
900349.0,K,1.5,146,ÜLKER,GIDA
501314.0,E,4.9,289,SAYAN,EV
918963.0,E,0.9,,,GIDA
420967.0,E,1.55,40,DR.OETKER,GIDA
908901.0,E,7.9,245,COLGATE,KOZMETİK
324879.0,K,1.69,49, F NEFFİS,SÜT KAHVALTILIK
213255.0,K,2.35,345,ALTINCEZVE,İÇECEK
213255.0,K,2.35,345,ALTINCEZVE,İÇECEK
213255.0,K,2.35,345,ALTINCEZVE,İÇECEK
1064228.0,E,1.0,361,BİLLUR,GIDA
213255.0,K,2.35,345,ALTINCEZVE,İÇECEK
213255.0,K,2.35,345,ALTINCEZVE,İÇECEK
213255.0,K,2.35,345,ALTINCEZVE,İÇECEK
213255.0,K,1.9,345,ALTINCEZVE,İÇECEK
213255.0,K,1.9,345,ALTINCEZVE,İÇECEK
213255.0,K,1.9,345,ALTINCEZVE,İÇECEK
213255.0,K,1.9,345,ALTINCEZVE,İÇECEK
213255.0,K,1.9,345,ALTINCEZVE,İÇECEK
213255.0,K,1.9,345,ALTINCEZVE,İÇECEK
213255.0,K,0.75,146,ÜLKER,GIDA
213255.0,K,0.75,146,ÜLKER,GIDA
156595.0,K,1.2,44,ETİ,GIDA
213255.0,K,3.25,146,ÜLKER,GIDA
213255.0,K,1.85,48,EVYAP,KOZMETİK
213255.0,K,1.95,118,PINAR,İÇECEK
213255.0,K,1.95,118,PINAR,İÇECEK
213255.0,K,2.65,189,DURU,KOZMETİK
1064228.0,E,1.0,361,BİLLUR,GIDA
213255.0,K,1.95,118,PINAR,İÇECEK
213255.0,K,1.95,118,PINAR,İÇECEK
213255.0,K,1.9,345,ALTINCEZVE,İÇECEK
213255.0,K,1.9,345,ALTINCEZVE,İÇECEK
213255.0,K,1.9,345,ALTINCEZVE,İÇECEK
213255.0,K,1.9,345,ALTINCEZVE,İÇECEK
1608.0,E,0.9,,,GIDA
1608.0,E,1.0,146,ÜLKER,GIDA
232752.0,E,0.5,59,HALK,GIDA
770110.0,E,1.75,59,HALK,GIDA
6539.0,K,1.85,361,BİLLUR,GIDA
922498.0,K,3.5,,,KOZMETİK
570093.0,K,0.9,,,GIDA
775268.0,K,1.0,44,ETİ,GIDA
58781.0,K,1.95,146,ÜLKER,GIDA
775268.0,K,13.45,325,KOMİLİ,GIDA
58781.0,K,2.5,44,ETİ,GIDA
464599.0,K,2.25,130,SEK,İÇECEK
464599.0,K,0.6,146,ÜLKER,İÇECEK
464599.0,K,1.99,137,SÜTAŞ,İÇECEK
464599.0,K,3.6,137,SÜTAŞ,İÇECEK
464599.0,K,0.85,137,SÜTAŞ,İÇECEK
464599.0,K,0.85,137,SÜTAŞ,İÇECEK
752964.0,E,0.85,271,IŞIL,GIDA
464599.0,K,0.7,43,ERİKLİ,İÇECEK
464599.0,K,3.0,118,PINAR,İÇECEK
464599.0,K,2.45,76,KARMEZ,GIDA
464599.0,K,0.7,43,ERİKLİ,İÇECEK
464599.0,K,1.1,67,İÇİM SEHER,İÇECEK
775268.0,K,10.65,150,YAREN,EV
261481.0,E,1.0,139,TADIM,GIDA
73561.0,E,0.95,32,ÇAYKUR,İÇECEK
252326.0,E,1.95,148,VİVİDENT,GIDA
261481.0,E,2.45,116,PEYMAN,GIDA
252326.0,E,1.95,148,VİVİDENT,GIDA
123696.0,E,3.75,,,GIDA
872853.0,E,3.5,141,TAT,GIDA
872853.0,E,4.0,146,ÜLKER,SÜT KAHVALTILIK
39850.0,E,2.25,139,TADIM,GIDA
598947.0,K,12.45,137,SÜTAŞ,SÜT KAHVALTILIK
660975.0,K,14.0,,,İÇECEK
,,7.9,49, F NEFFİS,GIDA
659639.0,K,9.45,8,ARMONİ ,GIDA
964247.0,K,5.08,8,ARMONİ ,GIDA
964247.0,K,6.9,51,FİDANLAR,SÜT KAHVALTILIK
99216.0,K,5.6,,,İÇECEK
895259.0,E,2.7,299,SENPİLİÇ,ET TAVUK
895259.0,E,2.7,299,SENPİLİÇ,ET TAVUK
895259.0,E,2.7,299,SENPİLİÇ,ET TAVUK
1006633.0,K,5.6,,,İÇECEK
932836.0,K,5.8,49, F NEFFİS,GIDA
99216.0,K,2.3,211,VERNEL,DETERJAN TEMİZLİK
47575.0,K,5.8,49, F NEFFİS,GIDA
969467.0,K,5.9,218,SELİN,KOZMETİK
,,26.95,121,PRİMA,BEBEK
1006633.0,K,12.79,299,SENPİLİÇ,ET TAVUK
98723.0,K,3.6,37,DOĞADAN,İÇECEK
1006633.0,K,3.15,88,LİPTON,İÇECEK
932836.0,K,2.25,137,SÜTAŞ,SÜT KAHVALTILIK
338362.0,E,0.95,32,ÇAYKUR,İÇECEK
33573.0,K,14.4,37,DOĞADAN,İÇECEK
932836.0,K,9.16,299,SENPİLİÇ,ET TAVUK
338362.0,E,3.25,141,TAT,GIDA
1077909.0,E,21.6,37,DOĞADAN,İÇECEK
633849.0,E,3.1,141,TAT,GIDA
633849.0,E,7.49,299,SENPİLİÇ,ET TAVUK
633849.0,E,8.79,299,SENPİLİÇ,ET TAVUK
1077909.0,E,21.6,37,DOĞADAN,İÇECEK
1077909.0,E,18.0,37,DOĞADAN,İÇECEK
,,2.5,146,ÜLKER,SÜT KAHVALTILIK
1040861.0,K,3.43,8,ARMONİ ,GIDA
382160.0,E,10.8,299,SENPİLİÇ,ET TAVUK
892.0,K,5.8,49, F NEFFİS,GIDA
892.0,K,5.8,49, F NEFFİS,GIDA
892.0,K,4.44,8,ARMONİ ,GIDA
892.0,K,4.89,8,ARMONİ ,GIDA
17543.0,K,1.0,59,HALK,SÜT KAHVALTILIK
892.0,K,3.0,8,ARMONİ ,GIDA
892.0,K,3.12,8,ARMONİ ,GIDA
892.0,K,2.4,49, F NEFFİS,İÇECEK
258366.0,E,7.49,360,GOLF,SÜT KAHVALTILIK
574270.0,E,2.0,,,GIDA
892.0,K,4.63,8,ARMONİ ,GIDA
892.0,K,6.9,232,KEBİR,SÜT KAHVALTILIK
656969.0,E,2.5,146,ÜLKER,SÜT KAHVALTILIK
530392.0,E,0.85,137,SÜTAŞ,SÜT KAHVALTILIK
574270.0,E,1.0,146,ÜLKER,GIDA
574270.0,E,1.25,54,FRİTO,GIDA
616838.0,E,3.0,157,ALGIDA,SÜT KAHVALTILIK
464599.0,K,0.75,146,ÜLKER,İÇECEK
464599.0,K,1.6,118,PINAR,ET TAVUK
464599.0,K,1.6,118,PINAR,ET TAVUK
554666.0,E,3.6,,,GIDA
464599.0,K,1.0,146,ÜLKER,İÇECEK
464599.0,K,1.0,146,ÜLKER,İÇECEK
464599.0,K,1.0,146,ÜLKER,İÇECEK
464599.0,K,1.99,146,ÜLKER,İÇECEK
434799.0,K,0.3,146,ÜLKER,İÇECEK
913228.0,E,1.6,118,PINAR,SÜT KAHVALTILIK
58781.0,K,5.75,210,TURSİL,DETERJAN TEMİZLİK
88670.0,K,3.25,146,ÜLKER,GIDA
883535.0,K,1.69,49, F NEFFİS,SÜT KAHVALTILIK
985197.0,E,1.05,43,ERİKLİ,İÇECEK
103403.0,K,0.2,44,ETİ,GIDA
103403.0,K,0.2,44,ETİ,GIDA
103403.0,K,0.2,44,ETİ,GIDA
527484.0,E,1.0,146,ÜLKER,GIDA
150345.0,K,1.0,59,HALK,GIDA
150345.0,K,1.0,59,HALK,GIDA
150345.0,K,2.7,,,GIDA
88670.0,K,1.95,30,COCO COLA,İÇECEK
150345.0,K,1.6,118,PINAR,ET TAVUK
816741.0,K,1.8,,,GIDA
816741.0,K,2.85,28,CAPPY,İÇECEK
34024.0,K,0.5,44,ETİ,GIDA
516116.0,E,1.3,49, F NEFFİS,İÇECEK
1086764.0,K,5.4,9,AROMA,İÇECEK
548908.0,K,0.9,67,İÇİM SEHER,SÜT KAHVALTILIK
525132.0,K,1.0,44,ETİ,GIDA
825838.0,K,2.39,118,PINAR,SÜT KAHVALTILIK
26327.0,K,11.95,318,DALİN,BEBEK
660975.0,K,0.75,146,ÜLKER,İÇECEK
753770.0,E,4.16,A25,HAL,MEYVE SEBZE
403816.0,K,3.95,A25,HAL,MEYVE SEBZE
289485.0,K,1.1,A25,HAL,MEYVE SEBZE
289485.0,K,2.5,A25,HAL,MEYVE SEBZE
407545.0,E,0.45,144,ULUDAĞ,İÇECEK
486.0,K,1.49,146,ÜLKER,GIDA
475305.0,E,0.4,,,
900349.0,K,1.65,137,SÜTAŞ,SÜT KAHVALTILIK
918963.0,E,1.85,361,BİLLUR,GIDA
420967.0,E,1.0,361,BİLLUR,GIDA
871530.0,K,6.95,224,BİNGO,DETERJAN TEMİZLİK
467509.0,K,1.0,93,MİLKA,GIDA
234128.0,K,11.95,232,KEBİR,SÜT KAHVALTILIK
831605.0,K,2.95,378,LOFÇALI,DETERJAN TEMİZLİK
234128.0,K,3.85,37,DOĞADAN,İÇECEK
842334.0,E,2.0,139,TADIM,GIDA
1015725.0,K,1.55,144,ULUDAĞ,İÇECEK
799292.0,K,12.9,118,PINAR,SÜT KAHVALTILIK
188680.0,K,3.16,8,ARMONİ ,GIDA
668414.0,K,1.55,346,SİHİRLİ ELLER,GIDA
519258.0,K,2.95,116,PEYMAN,GIDA
519258.0,K,5.0,139,TADIM,GIDA
519258.0,K,1.5,A16,SCHWEPPES,İÇECEK
519258.0,K,1.0,144,ULUDAĞ,İÇECEK
519258.0,K,1.0,144,ULUDAĞ,İÇECEK
545408.0,E,2.04,8,ARMONİ ,GIDA
545408.0,E,9.95,137,SÜTAŞ,SÜT KAHVALTILIK
524359.0,K,1.95,330,SANA,SÜT KAHVALTILIK
398021.0,K,5.8,49, F NEFFİS,GIDA
601232.0,K,3.6,37,DOĞADAN,İÇECEK
601232.0,K,5.6,,,İÇECEK
524359.0,K,3.6,44,ETİ,BEBEK
668818.0,K,5.6,,,İÇECEK
668818.0,K,2.25,146,ÜLKER,SÜT KAHVALTILIK
505349.0,K,7.5,139,TADIM,GIDA
505349.0,K,7.5,139,TADIM,GIDA
505349.0,K,7.5,139,TADIM,GIDA
668818.0,K,5.45,211,VERNEL,DETERJAN TEMİZLİK
1608.0,E,1.95,144,ULUDAĞ,İÇECEK
1608.0,E,1.95,144,ULUDAĞ,İÇECEK
213255.0,K,3.25,146,ÜLKER,KOZMETİK
213255.0,K,6.9,65,HOBBY KOZ,KOZMETİK
213255.0,K,0.99,146,ÜLKER,KOZMETİK
213255.0,K,5.8,49, F NEFFİS,GIDA
213255.0,K,2.15,300,FALIM,GIDA
713008.0,E,5.6,,,İÇECEK
1064228.0,E,21.95,137,SÜTAŞ,SÜT KAHVALTILIK
775268.0,K,2.25,234,FUNDA KAYA,GIDA
775268.0,K,2.84,8,ARMONİ ,GIDA
575961.0,K,140.0,,,İÇECEK
575961.0,K,140.0,,,İÇECEK
770110.0,E,3.0,334,BECEL,SÜT KAHVALTILIK
58781.0,K,12.45,137,SÜTAŞ,SÜT KAHVALTILIK
6539.0,K,11.2,,,İÇECEK
464599.0,K,3.2,49, F NEFFİS,İÇECEK
313944.0,K,2.25,301,FİRST,GIDA
752964.0,E,5.8,49, F NEFFİS,GIDA
775268.0,K,2.13,8,ARMONİ ,GIDA
6539.0,K,1.75,146,ÜLKER,SÜT KAHVALTILIK
6539.0,K,1.75,146,ÜLKER,SÜT KAHVALTILIK
6539.0,K,1.75,146,ÜLKER,SÜT KAHVALTILIK
464599.0,K,4.95,146,ÜLKER,SÜT KAHVALTILIK
554666.0,E,13.95,49, F NEFFİS,İÇECEK
1055386.0,K,1.0,146,ÜLKER,GIDA
361939.0,K,8.5,49, F NEFFİS,GIDA
58781.0,K,5.45,211,VERNEL,DETERJAN TEMİZLİK
752964.0,E,9.9,211,VERNEL,DETERJAN TEMİZLİK
82743.0,E,4.65,124,REİS,GIDA
82743.0,E,2.65,124,REİS,GIDA
575961.0,K,9.9,211,VERNEL,DETERJAN TEMİZLİK
683672.0,K,2.95,79,KENT,GIDA
103403.0,K,0.45,300,FALIM,GIDA
516116.0,E,1.0,139,TADIM,GIDA
516116.0,E,1.0,139,TADIM,GIDA
143489.0,K,4.5,,,GIDA
486.0,K,2.95,146,ÜLKER,GIDA
486.0,K,0.95,118,PINAR,İÇECEK
598947.0,K,1.0,146,ÜLKER,GIDA
688491.0,K,0.9,,,GIDA
688491.0,K,0.9,,,GIDA
688491.0,K,0.9,,,GIDA
467509.0,K,1.0,44,ETİ,GIDA
378089.0,E,0.81,,,ET TAVUK
710734.0,K,2.7,,,GIDA
710734.0,K,0.75,44,ETİ,GIDA
712152.0,E,1.2,44,ETİ,GIDA
712152.0,E,1.2,44,ETİ,GIDA
712152.0,E,2.0,44,ETİ,GIDA
926091.0,K,2.15,130,SEK,SÜT KAHVALTILIK
926091.0,K,2.15,130,SEK,SÜT KAHVALTILIK
403816.0,K,46.95,325,KOMİLİ,GIDA
424458.0,K,0.25,44,ETİ,GIDA
403816.0,K,4.5,145,UNO,GIDA
753770.0,E,1.0,134,SULTAN,GIDA
753770.0,E,1.0,134,SULTAN,GIDA
15921.0,E,2.0,134,SULTAN,GIDA
15921.0,E,3.25,81,KNORR,GIDA
169993.0,E,0.9,,,GIDA
169993.0,E,1.0,134,SULTAN,GIDA
507617.0,K,1.8,,,GIDA
15921.0,E,3.25,81,KNORR,GIDA
81808.0,E,1.3,49, F NEFFİS,İÇECEK
18107.0,K,5.5,322,DOMESTOS,DETERJAN TEMİZLİK
737189.0,E,1.75,59,HALK,GIDA
701697.0,E,0.9,,,GIDA
507617.0,K,1.95,30,COCO COLA,İÇECEK
701697.0,E,0.6,118,PINAR,İÇECEK
701697.0,E,1.6,118,PINAR,ET TAVUK
549154.0,K,2.02,,,SÜT KAHVALTILIK
706584.0,K,1.95,146,ÜLKER,GIDA
706584.0,K,1.0,146,ÜLKER,GIDA
706584.0,K,0.5,146,ÜLKER,GIDA
706584.0,K,0.5,146,ÜLKER,GIDA
706584.0,K,0.5,146,ÜLKER,GIDA
706584.0,K,2.75,146,ÜLKER,GIDA
706584.0,K,1.0,146,ÜLKER,GIDA
706584.0,K,1.0,146,ÜLKER,GIDA
706584.0,K,0.5,146,ÜLKER,GIDA
969713.0,K,2.39,118,PINAR,SÜT KAHVALTILIK
325674.0,E,1.0,44,ETİ,GIDA
706584.0,K,0.9,67,İÇİM SEHER,SÜT KAHVALTILIK
706584.0,K,0.9,67,İÇİM SEHER,SÜT KAHVALTILIK
706584.0,K,2.45,30,COCO COLA,İÇECEK
706584.0,K,0.9,,,GIDA
706584.0,K,18.85,205,EMEK YAĞ,GIDA
325674.0,E,1.3,146,ÜLKER,GIDA
706584.0,K,2.0,44,ETİ,GIDA
325674.0,E,1.5,44,ETİ,GIDA
325674.0,E,1.5,44,ETİ,GIDA
26331.0,E,2.0,361,BİLLUR,GIDA
706584.0,K,5.29,118,PINAR,ET TAVUK
139262.0,E,3.2,49, F NEFFİS,İÇECEK
865082.0,E,9.22,299,SENPİLİÇ,ET TAVUK
865082.0,E,16.38,299,SENPİLİÇ,ET TAVUK
865082.0,E,5.43,299,SENPİLİÇ,ET TAVUK
895968.0,K,4.99,67,İÇİM SEHER,GIDA
548908.0,K,1.85,146,ÜLKER,BEBEK
737189.0,E,1.1,255,ANKARA,GIDA
81808.0,E,7.69,A25,HAL,MEYVE SEBZE
598947.0,K,1.0,44,ETİ,GIDA
486.0,K,7.95,124,REİS,GIDA
289485.0,K,1.1,146,ÜLKER,GIDA
883420.0,K,6.0,173,PHILIP MORIS,SİGARA
956657.0,K,3.6,37,DOĞADAN,İÇECEK
970454.0,K,6.5,173,PHILIP MORIS,SİGARA
731904.0,E,2.5,157,ALGIDA,SÜT KAHVALTILIK
884693.0,K,4.25,312,PERMATİK,KOZMETİK
899661.0,K,3.6,37,DOĞADAN,İÇECEK
899661.0,K,3.6,37,DOĞADAN,İÇECEK
289485.0,K,1.05,144,ULUDAĞ,İÇECEK
289485.0,K,2.5,146,ÜLKER,SÜT KAHVALTILIK
163948.0,K,11.75,151,YÖRSAN,SÜT KAHVALTILIK
163948.0,K,11.75,151,YÖRSAN,SÜT KAHVALTILIK
15921.0,E,8.78,299,SENPİLİÇ,ET TAVUK
572908.0,K,6.0,199,B.A.T TEKEL,SİGARA
983895.0,E,1.41,254,OYALI,SÜT KAHVALTILIK
27399.0,E,3.25,319,SESU,KOZMETİK
607046.0,K,1.75,233,EXTREM,KOZMETİK
263262.0,K,4.6,95,MOLPED,KAĞIT
712091.0,K,11.8,A25,HAL,MEYVE SEBZE
830964.0,E,12.5,A25,HAL,MEYVE SEBZE
9462.0,K,13.49,32,ÇAYKUR,İÇECEK
9462.0,K,12.95,49, F NEFFİS,GIDA
9462.0,K,76.0,205,EMEK YAĞ,GIDA
225450.0,K,1.25,52,FİLİZ,GIDA
225450.0,K,1.25,52,FİLİZ,GIDA
835774.0,E,3.65,151,YÖRSAN,SÜT KAHVALTILIK
577894.0,K,14.25,32,ÇAYKUR,İÇECEK
9462.0,K,3.95,137,SÜTAŞ,SÜT KAHVALTILIK
9462.0,K,4.85,341,YAHYAOĞLU,SÜT KAHVALTILIK
577894.0,K,0.85,77,KARTAL,GIDA
9462.0,K,11.9,320,CİF,DETERJAN TEMİZLİK
577894.0,K,6.99,50, F SAFF,KAĞIT
225450.0,K,3.95,137,SÜTAŞ,SÜT KAHVALTILIK
19321.0,K,2.72,A25,HAL,MEYVE SEBZE
577894.0,K,0.99,5,ARBELLA,GIDA
577894.0,K,1.25,52,FİLİZ,GIDA
577894.0,K,9.9,146,ÜLKER,SÜT KAHVALTILIK
835774.0,E,2.55,A25,HAL,MEYVE SEBZE
835774.0,E,2.85,A09,DURU BAKLIYAT,GIDA
19321.0,K,0.75,79,KENT,GIDA
19321.0,K,0.75,79,KENT,GIDA
19321.0,K,0.75,79,KENT,GIDA
19321.0,K,0.75,79,KENT,GIDA
577894.0,K,3.35,284,VİLEDA,DETERJAN TEMİZLİK
225450.0,K,2.95,322,DOMESTOS,DETERJAN TEMİZLİK
225450.0,K,6.15,284,VİLEDA,DETERJAN TEMİZLİK
225450.0,K,5.65,172,BURDAN,SÜT KAHVALTILIK
577894.0,K,1.25,50, F SAFF,KAĞIT
577894.0,K,1.25,50, F SAFF,KAĞIT
835774.0,E,4.72,,,BEBEK
577894.0,K,9.95,297,ARİEL,DETERJAN TEMİZLİK
685792.0,K,0.5,146,ÜLKER,GIDA
,,1.0,361,BİLLUR,GIDA
1023586.0,K,4.55,354,PAŞAKÖY,İÇECEK
26331.0,E,3.25,81,KNORR,GIDA
26331.0,E,1.85,361,BİLLUR,GIDA
27016.0,K,1.3,49, F NEFFİS,İÇECEK
964826.0,K,1.8,,,GIDA
26331.0,E,17.59,83,KOSKA,SÜT KAHVALTILIK
696094.0,E,1.69,49, F NEFFİS,SÜT KAHVALTILIK
201910.0,K,6.65,109,P.BAHÇE,EV
201910.0,K,6.65,109,P.BAHÇE,EV
869068.0,K,2.15,118,PINAR,ET TAVUK
,,0.5,146,ÜLKER,GIDA
135895.0,E,5.5,2,AKDEM,SÜT KAHVALTILIK
105520.0,K,2.39,118,PINAR,SÜT KAHVALTILIK
94207.0,E,3.0,155,FANTA,İÇECEK
971391.0,E,1.8,,,GIDA
971391.0,E,1.8,,,GIDA
971391.0,E,1.8,,,GIDA
542272.0,K,0.35,43,ERİKLİ,İÇECEK
660975.0,K,0.75,146,ÜLKER,İÇECEK
151873.0,E,0.6,146,ÜLKER,İÇECEK
225450.0,K,2.45,30,COCO COLA,İÇECEK
545408.0,E,3.15,105,ORKİD,KAĞIT
601232.0,K,10.0,237,BEBELAC,BEBEK
257988.0,E,1.5,A25,HAL,MEYVE SEBZE
236516.0,E,3.68,A25,HAL,MEYVE SEBZE
236516.0,E,2.21,A25,HAL,MEYVE SEBZE
753770.0,E,3.79,A25,HAL,MEYVE SEBZE
712152.0,E,27.5,298,FAİRY,DETERJAN TEMİZLİK
407545.0,E,1.0,146,ÜLKER,GIDA
407545.0,E,1.0,146,ÜLKER,GIDA
407545.0,E,1.0,146,ÜLKER,GIDA
236516.0,E,2.42,A25,HAL,MEYVE SEBZE
236516.0,E,4.85,A25,HAL,MEYVE SEBZE
577894.0,K,7.75,75,KARAAĞAÇ,SÜT KAHVALTILIK
577894.0,K,6.5,75,KARAAĞAÇ,SÜT KAHVALTILIK
